event,n,mean_ret,median_ret,std,hit_up,hit_down,direction,directional_hit,score
silence_day,211,0.10462649516714005,0.036840236470540244,0.28631019998869467,0.6073298429319371,0.39267015706806285,long,0.6073298429319371,0.9230123818768059
posts_low&silence_day,211,0.10462649516714005,0.036840236470540244,0.28631019998869467,0.6073298429319371,0.39267015706806285,long,0.6073298429319371,0.9230123818768059
has_positive&short_posts,444,0.05258206512238397,0.04934280229283705,0.10874924487576382,0.6756756756756757,0.3153153153153153,long,0.6756756756756757,0.7486303131613402
exclamation_heavy&short_posts,424,0.053217215093527635,0.04877225701052823,0.10888033423458969,0.6816037735849056,0.3089622641509434,long,0.6816037735849056,0.7469079090556321
has_night_post&has_exclamation,828,0.04079515041240222,0.03818009428052094,0.10768460556641207,0.6340579710144928,0.35628019323671495,long,0.6340579710144928,0.7443079774035747
has_night_post&short_posts,458,0.051878764908357,0.04747280046036784,0.11039924796943132,0.6681222707423581,0.3231441048034934,long,0.6681222707423581,0.7417854588624457
has_positive&has_night_post,782,0.04123693024699029,0.0414439342273214,0.10840167713640397,0.639386189258312,0.35038363171355497,long,0.639386189258312,0.737314807515812
has_night_post,855,0.0400089568640047,0.03738314115111341,0.10811470955516694,0.6257309941520468,0.3649122807017544,long,0.6257309941520468,0.7320284381035997
has_night_post&exclamation_heavy,763,0.04093239194581295,0.039812625762897236,0.10799265271909889,0.6395806028833552,0.35124508519003933,long,0.6395806028833552,0.7231438166637999
has_exclamation&short_posts,491,0.0488985706217439,0.04633210239322216,0.10741663180413659,0.6558044806517311,0.3360488798370672,long,0.6558044806517311,0.7105772352097336
has_positive&has_exclamation,870,0.0386455237133952,0.03731259801973141,0.10719970969783006,0.6229885057471264,0.367816091954023,long,0.6229885057471264,0.7101316305467147
has_positive,877,0.03840885411046709,0.037129830791196916,0.10745223433131575,0.6202964652223489,0.3694412770809578,long,0.6202964652223489,0.7055543172557825
has_exclamation,941,0.03709673714171381,0.030685951861003202,0.10689322433909323,0.6131774707757705,0.3783209351753454,long,0.6131774707757705,0.6977771027984369
has_exclamation&exclamation_heavy,834,0.03848603548881544,0.03718594283977317,0.10706708094558527,0.6270983213429256,0.3645083932853717,long,0.6270983213429256,0.6969824449139328
exclamation_heavy,834,0.03848603548881544,0.03718594283977317,0.10706708094558527,0.6270983213429256,0.3645083932853717,long,0.6270983213429256,0.6969824449139328
posts_very_high,229,0.06406223832924336,0.06482592342660998,0.12219001063887623,0.7161572052401747,0.27510917030567683,long,0.7161572052401747,0.6942697062659166
posts_very_high&exclamation_heavy,229,0.06406223832924336,0.06482592342660998,0.12219001063887623,0.7161572052401747,0.27510917030567683,long,0.7161572052401747,0.6942697062659166
posts_high&posts_very_high,229,0.06406223832924336,0.06482592342660998,0.12219001063887623,0.7161572052401747,0.27510917030567683,long,0.7161572052401747,0.6942697062659166
posts_very_high&has_positive,229,0.06406223832924336,0.06482592342660998,0.12219001063887623,0.7161572052401747,0.27510917030567683,long,0.7161572052401747,0.6942697062659166
posts_very_high&has_exclamation,229,0.06406223832924336,0.06482592342660998,0.12219001063887623,0.7161572052401747,0.27510917030567683,long,0.7161572052401747,0.6942697062659166
posts_very_high&has_night_post,226,0.06402470382747606,0.06448293621598433,0.12265321377027008,0.7168141592920354,0.2743362831858407,long,0.7168141592920354,0.6899353115243851
has_positive&exclamation_heavy,803,0.038529272958269876,0.03747078623153133,0.1076244652415001,0.6288916562889165,0.36239103362391034,long,0.6288916562889165,0.6866326007075082
lots_of_excl&short_posts,373,0.05236218918253765,0.05000906886539047,0.11128344896978058,0.67828418230563,0.3109919571045576,long,0.67828418230563,0.6859364804085729
posts_very_high&lots_of_excl,227,0.0637259367373685,0.06482592342660998,0.12252786668661463,0.7136563876651982,0.2775330396475771,long,0.7136563876651982,0.6852015142114117
has_attack&short_posts,306,0.057865703588042224,0.05267359532504334,0.11232200712669607,0.6764705882352942,0.3104575163398693,long,0.6764705882352942,0.6847481542601276
posts_very_high&has_action,99,0.0848179133616371,0.08191647126264034,0.11897394960898096,0.8080808080808081,0.18181818181818182,long,0.8080808080808081,0.681961682718599
has_night_post&lots_of_excl,700,0.040463167081904096,0.03929168191816779,0.10934880311445853,0.6342857142857142,0.3557142857142857,long,0.6342857142857142,0.6790375992343909
posts_high&has_positive,403,0.0495235220852015,0.05271574948658997,0.11659284288001531,0.6774193548387096,0.315136476426799,long,0.6774193548387096,0.6734752619288585
has_attack&has_night_post,574,0.04358970848780454,0.041964961557355185,0.10790804544618414,0.6428571428571429,0.34843205574912894,long,0.6428571428571429,0.6713583341883378
posts_very_high&positive_heavy,215,0.06449112290332062,0.06482592342660998,0.12312592205724858,0.7069767441860465,0.2837209302325581,long,0.7069767441860465,0.668535227645621
has_action&has_attack,151,0.07317636064169761,0.06482592342660998,0.11872919848652506,0.7417218543046358,0.24503311258278146,long,0.7417218543046358,0.6669608707450039
posts_high,405,0.0491286370755503,0.052305237307284536,0.11644125330289319,0.674074074074074,0.31851851851851853,long,0.674074074074074,0.6664534976666048
posts_high&has_exclamation,405,0.0491286370755503,0.052305237307284536,0.11644125330289319,0.674074074074074,0.31851851851851853,long,0.674074074074074,0.6664534976666048
posts_high&exclamation_heavy,405,0.0491286370755503,0.052305237307284536,0.11644125330289319,0.674074074074074,0.31851851851851853,long,0.674074074074074,0.6664534976666048
lots_of_excl,756,0.038716317052371156,0.03742696369132237,0.1088054178538929,0.6256613756613757,0.36507936507936506,long,0.6256613756613757,0.6660307501277412
has_exclamation&lots_of_excl,756,0.038716317052371156,0.03742696369132237,0.1088054178538929,0.6256613756613757,0.36507936507936506,long,0.6256613756613757,0.6660307501277412
posts_high&has_action,136,0.07292675459298202,0.07003423388286745,0.12100406953655485,0.7794117647058824,0.21323529411764705,long,0.7794117647058824,0.6628622672817629
posts_high&has_night_post,396,0.0492802436608775,0.05176268918632998,0.11650420853910944,0.6742424242424242,0.3181818181818182,long,0.6742424242424242,0.6612055874653389
has_attack&has_exclamation,625,0.04192559334212584,0.03877073807343834,0.10781055404090775,0.6304,0.3616,long,0.6304,0.6607473510719032
has_attack,625,0.04192559334212584,0.03877073807343834,0.10781055404090775,0.6304,0.3616,long,0.6304,0.6607473510719032
exclamation_heavy&lots_of_excl,753,0.038451852991569835,0.03738314115111341,0.1087743174253335,0.6254980079681275,0.3652058432934927,long,0.6254980079681275,0.6599950712208585
has_positive&lots_of_excl,735,0.03872131272717612,0.03802293188138295,0.10923818628402608,0.6285714285714286,0.3619047619047619,long,0.6285714285714286,0.6598547970768266
short_posts,545,0.044769974395901635,0.041591436667331116,0.10783192695828407,0.6311926605504588,0.3614678899082569,long,0.6311926605504588,0.6597008405656279
posts_high&lots_of_excl,402,0.048866283571477195,0.05251049339693725,0.11672758056338786,0.6716417910447762,0.3208955223880597,long,0.6716417910447762,0.6580517501263259
has_attack&has_positive,604,0.0422128474956136,0.04107678346346866,0.1084784706675773,0.6341059602649006,0.3576158940397351,long,0.6341059602649006,0.6578470831877199
posts_high&positive_heavy,368,0.05061046281405397,0.05342405263812022,0.11760940515233022,0.6766304347826086,0.3179347826086957,long,0.6766304347826086,0.6569249346771572
posts_high&short_posts,236,0.059537103146832845,0.06316962100947354,0.12012917684486027,0.711864406779661,0.2754237288135593,long,0.711864406779661,0.6510899322176886
has_action&short_posts,102,0.07917986885433154,0.07107423118969614,0.12182810822738196,0.8137254901960784,0.17647058823529413,long,0.8137254901960784,0.6507179465744528
posts_low,394,0.06129266341567981,0.010672499799893265,0.22092066833256102,0.5347593582887701,0.4572192513368984,long,0.5347593582887701,0.650601406764563
has_action&has_positive,183,0.06578688389204293,0.06137195352448521,0.11906553360085774,0.726775956284153,0.26229508196721313,long,0.726775956284153,0.6467931501734646
has_attack&exclamation_heavy,608,0.04146735504420349,0.040276666023102314,0.1071927855363347,0.6299342105263158,0.3618421052631579,long,0.6299342105263158,0.644100030200789
has_action,188,0.06458193622515637,0.05434338285404905,0.11848661444856956,0.7180851063829787,0.2712765957446808,long,0.7180851063829787,0.6358664415420001
has_action&has_china,89,0.08554899412589023,0.08193994022471807,0.11851284469646267,0.7865168539325843,0.21348314606741572,long,0.7865168539325843,0.6347722668708413
has_action&has_exclamation,186,0.06457385417859782,0.05434338285404905,0.1186179981813231,0.7204301075268817,0.26881720430107525,long,0.7204301075268817,0.6344611512137622
posts_high&has_attack,349,0.05064427804590206,0.05205473170735786,0.11663064552781593,0.670487106017192,0.3209169054441261,long,0.670487106017192,0.6343566959275656
positive_heavy&has_night_post,575,0.040988488320582835,0.042613600075247504,0.11067836612359698,0.6452173913043479,0.34782608695652173,long,0.6452173913043479,0.6341644443936674
has_action&exclamation_heavy,181,0.06458956270587056,0.06137195352448521,0.11599253010504397,0.7292817679558011,0.2596685082872928,long,0.7292817679558011,0.6337193790567799
posts_very_high&has_attack,208,0.06294117517497032,0.06032087621929505,0.12513079622424647,0.6971153846153846,0.2932692307692308,long,0.6971153846153846,0.6328068652411712
has_action&has_night_post,183,0.06435262667933857,0.05486739544382235,0.1154787421581621,0.726775956284153,0.26229508196721313,long,0.726775956284153,0.6326920454261052
has_attack&lots_of_excl,579,0.04151560699650076,0.039812625762897236,0.10749389550867128,0.6321243523316062,0.3592400690846287,long,0.6321243523316062,0.6314706874407625
posts_very_high&short_posts,159,0.069090043269202,0.07049155455483147,0.12738160177235874,0.7232704402515723,0.2641509433962264,long,0.7232704402515723,0.630107636277722
has_action&lots_of_excl,175,0.06413598923053165,0.05486739544382235,0.11509599811821487,0.7314285714285714,0.2571428571428571,long,0.7314285714285714,0.6205728094833503
volume_drop,308,0.05937957851693434,0.024637950132512465,0.20571988105506453,0.5941558441558441,0.39935064935064934,long,0.5941558441558441,0.6191741862913956
positive_heavy&lots_of_excl,587,0.03938547825226761,0.04074070628330739,0.11079035009092492,0.637137989778535,0.35604770017035775,long,0.637137989778535,0.6079791347837686
has_action&attack_heavy,101,0.0775865584092086,0.07030108843015004,0.11500786242432776,0.7722772277227723,0.21782178217821782,long,0.7722772277227723,0.6021717864049846
positive_heavy&exclamation_heavy,604,0.038686780416429825,0.03929168191816779,0.11043961559263263,0.6324503311258278,0.3609271523178808,long,0.6324503311258278,0.6013225383291798
has_positive&positive_heavy,609,0.03863052061759459,0.03877073807343834,0.11043054907617701,0.6305418719211823,0.36288998357963875,long,0.6305418719211823,0.6011088736858997
positive_heavy&has_exclamation,609,0.03863052061759459,0.03877073807343834,0.11043054907617701,0.6305418719211823,0.36288998357963875,long,0.6305418719211823,0.6011088736858997
positive_heavy,609,0.03863052061759459,0.03877073807343834,0.11043054907617701,0.6305418719211823,0.36288998357963875,long,0.6305418719211823,0.6011088736858997
posts_high&has_china,200,0.060896089292961086,0.065268120580243,0.12062704282468534,0.695,0.305,long,0.695,0.5985345238464407
has_action&has_all_caps,56,0.09178956380092985,0.09482547624994597,0.11726503081606737,0.8571428571428571,0.14285714285714285,long,0.8571428571428571,0.5887630275848694
has_china&has_night_post,282,0.05248106097686255,0.04658330501173158,0.11732067100400714,0.6666666666666666,0.3333333333333333,long,0.6666666666666666,0.5875379199769986
has_attack&positive_heavy,470,0.041953074290900005,0.042565331273163975,0.10932001294133045,0.6404255319148936,0.35319148936170214,long,0.6404255319148936,0.5824804556069486
positive_heavy&short_posts,285,0.05019983302418179,0.05000906886539047,0.11646794334064997,0.6807017543859649,0.312280701754386,long,0.6807017543859649,0.5768748062580173
posts_very_high&volume_spike,83,0.07850261357810154,0.07184737394924223,0.11557203287740898,0.7951807228915663,0.1927710843373494,long,0.7951807228915663,0.5687075649193576
has_attack&has_all_caps,148,0.06753018588223395,0.07822109466510885,0.12219594032094193,0.6891891891891891,0.30405405405405406,long,0.6891891891891891,0.5661966027506716
has_night_post&has_uppercase_phrase,277,0.051006742035642594,0.04812046664098002,0.12268803582868842,0.6606498194945848,0.33574007220216606,long,0.6606498194945848,0.5608397536001758
has_china,299,0.049630460122965014,0.04546718008159445,0.11739151100137969,0.6521739130434783,0.34782608695652173,long,0.6521739130434783,0.5596897053045814
has_china&has_exclamation,299,0.049630460122965014,0.04546718008159445,0.11739151100137969,0.6521739130434783,0.34782608695652173,long,0.6521739130434783,0.5596897053045814
has_action&positive_heavy,155,0.06159970063660199,0.053819370264275745,0.11835668637664662,0.7290322580645161,0.25806451612903225,long,0.7290322580645161,0.559102193326967
posts_very_high&has_all_caps,101,0.07570677974090241,0.08563869279500391,0.1320978342966966,0.7326732673267327,0.26732673267326734,long,0.7326732673267327,0.557449854309932
has_positive&has_china,291,0.04978709188799824,0.046258632433767266,0.11817129005829825,0.6494845360824743,0.35051546391752575,long,0.6494845360824743,0.5516099216915676
has_china&exclamation_heavy,291,0.04915923373928991,0.04546718008159445,0.11814868963065472,0.6494845360824743,0.35051546391752575,long,0.6494845360824743,0.5446536450522024
has_all_caps&exclamation_heavy,180,0.05980474551366213,0.06412131159285761,0.1210930745974687,0.6777777777777778,0.31666666666666665,long,0.6777777777777778,0.5438250704722047
has_all_caps&lots_of_excl,173,0.06034382474229604,0.06529204964247914,0.12282061522818082,0.6820809248554913,0.31213872832369943,long,0.6820809248554913,0.5413670125681835
has_positive&has_all_caps,180,0.059099797334607726,0.06412131159285761,0.12099643895897702,0.6777777777777778,0.31666666666666665,long,0.6777777777777778,0.5374147348063514
has_china&lots_of_excl,274,0.0495737375189654,0.04633126779251362,0.1181837423513651,0.6532846715328468,0.3467153284671533,long,0.6532846715328468,0.5360797625064302
has_uppercase_phrase&exclamation_heavy,277,0.04868206488096544,0.04751131383232332,0.1215019565000723,0.6606498194945848,0.33574007220216606,long,0.6606498194945848,0.5352789882856994
has_action&volume_spike,58,0.08672612421972435,0.07080737664241354,0.10714038634155328,0.8103448275862069,0.1896551724137931,long,0.8103448275862069,0.5352218063309361
has_night_post&has_all_caps,181,0.05900438949442527,0.06413994900535869,0.12219662259047526,0.6740331491712708,0.32044198895027626,long,0.6740331491712708,0.535062931231948
posts_high&has_all_caps,140,0.06465309055048843,0.07797079465689727,0.1259377047375261,0.6928571428571428,0.3,long,0.6928571428571428,0.5300257952329054
has_attack&has_china,232,0.05308157400515674,0.04658330501173158,0.11980761929158884,0.6551724137931034,0.3448275862068966,long,0.6551724137931034,0.5297163621229346
has_all_caps&has_exclamation,185,0.05804965848996772,0.062250192967014506,0.12109772160329459,0.6702702702702703,0.32432432432432434,long,0.6702702702702703,0.5292190758442652
has_all_caps,185,0.05804965848996772,0.062250192967014506,0.12109772160329459,0.6702702702702703,0.32432432432432434,long,0.6702702702702703,0.5292190758442652
has_positive&has_uppercase_phrase,284,0.047672587283093336,0.047187175866295616,0.12137631558307961,0.6584507042253521,0.3380281690140845,long,0.6584507042253521,0.5289945029411638
posts_very_high&has_china,134,0.06647729995225722,0.06751592348858138,0.12495669826372738,0.6865671641791045,0.31343283582089554,long,0.6865671641791045,0.5283342921092377
has_uppercase_phrase&lots_of_excl,268,0.04870829438203178,0.047636335115105344,0.1220604137925915,0.6604477611940298,0.3358208955223881,long,0.6604477611940298,0.5266338755273607
lots_of_excl&volume_spike,126,0.06421328013257704,0.04896500990874064,0.1178317271871008,0.7301587301587301,0.2619047619047619,long,0.7301587301587301,0.5262927771954238
positive_heavy&has_all_caps,148,0.06215592534388066,0.06550118368817759,0.1224174443151272,0.6959459459459459,0.30405405405405406,long,0.6959459459459459,0.5262461158504107
positive_heavy&has_uppercase_phrase,229,0.05194629380215576,0.052305237307284536,0.12471179854583266,0.6681222707423581,0.32751091703056767,long,0.6681222707423581,0.525204280688293
has_uppercase_phrase&has_exclamation,294,0.046910982471797855,0.046685438375519306,0.12244532511213742,0.6496598639455783,0.3469387755102041,long,0.6496598639455783,0.5225576748622169
has_positive&volume_spike,133,0.062018943677820904,0.047407378132812594,0.11695711733001914,0.7293233082706767,0.2556390977443609,long,0.7293233082706767,0.521639270315216
posts_high&attack_heavy,236,0.05027031755172491,0.05141393949597661,0.11665554522789567,0.6652542372881356,0.3220338983050847,long,0.6652542372881356,0.513754074892462
has_uppercase_phrase,296,0.04606110191865405,0.04636800277224107,0.12250648475087321,0.6452702702702703,0.35135135135135137,long,0.6452702702702703,0.5113542090862749
has_china&short_posts,150,0.061940636070599846,0.07318654600840979,0.12556185681366883,0.6733333333333333,0.32666666666666666,long,0.6733333333333333,0.5108006074785468
posts_very_high&attack_heavy,163,0.05740361855792403,0.05354554213263474,0.12171930292154887,0.6871165644171779,0.3006134969325153,long,0.6871165644171779,0.5035742219493062
has_action&has_uppercase_phrase,92,0.0678794301923331,0.06828646894582613,0.11890862080005872,0.7717391304347826,0.22826086956521738,long,0.7717391304347826,0.5024613062644268
exclamation_heavy&volume_spike,126,0.06164829202823979,0.04646149901269325,0.11716899486999369,0.7222222222222222,0.2698412698412698,long,0.7222222222222222,0.4997780390404978
attack_heavy&has_night_post,279,0.04618330631922245,0.046258632433767266,0.11293603823879404,0.6451612903225806,0.34408602150537637,long,0.6451612903225806,0.4976860008035406
positive_heavy&volume_spike,120,0.06257737250068598,0.04896500990874064,0.11873993206962649,0.725,0.26666666666666666,long,0.725,0.4969880583664231
positive_heavy&has_china,255,0.04872204741675092,0.046258632433767266,0.1169096814330299,0.6352941176470588,0.36470588235294116,long,0.6352941176470588,0.49427705958110446
posts_very_high&has_uppercase_phrase,130,0.06240649785509097,0.06954445428943579,0.12824078464797758,0.6923076923076923,0.3,long,0.6923076923076923,0.49260707460607006
attack_heavy&short_posts,148,0.059953563268379854,0.05667155822646697,0.11973860181796761,0.668918918918919,0.3108108108108108,long,0.668918918918919,0.48788710179013106
attack_heavy&has_positive,288,0.044856164649417885,0.045378505816073056,0.11331543294124659,0.6388888888888888,0.3506944444444444,long,0.6388888888888888,0.4863441724248963
has_attack&attack_heavy,293,0.04468927335525086,0.04528983155055166,0.11269719194081712,0.6348122866894198,0.35494880546075086,long,0.6348122866894198,0.4856041920088396
attack_heavy&has_exclamation,293,0.04468927335525086,0.04528983155055166,0.11269719194081712,0.6348122866894198,0.35494880546075086,long,0.6348122866894198,0.4856041920088396
attack_heavy,293,0.04468927335525086,0.04528983155055166,0.11269719194081712,0.6348122866894198,0.35494880546075086,long,0.6348122866894198,0.4856041920088396
attack_heavy&exclamation_heavy,292,0.04474909120215386,0.045378505816073056,0.11288600415029539,0.6335616438356164,0.3561643835616438,long,0.6335616438356164,0.48446735975130334
posts_high&volume_spike,113,0.06174020783023995,0.05335609572088784,0.11038472580193813,0.7345132743362832,0.25663716814159293,long,0.7345132743362832,0.482066505971251
has_night_post&deal_over_tariff,285,0.04345599491210202,0.04522895562161877,0.10540878728762937,0.656140350877193,0.3333333333333333,long,0.656140350877193,0.4813587535982542
has_attack&deal_over_tariff,233,0.04849350520177394,0.04696697359977864,0.1112400395995846,0.648068669527897,0.33905579399141633,long,0.648068669527897,0.4797141883613939
posts_high&has_uppercase_phrase,198,0.050912639938554945,0.05955222119093351,0.12451886592228825,0.6666666666666666,0.3282828282828283,long,0.6666666666666666,0.47760289748402773
attack_heavy&positive_heavy,254,0.045933759132089934,0.04633126779251362,0.11391556622408333,0.6496062992125984,0.3425196850393701,long,0.6496062992125984,0.47555316301758754
attack_heavy&lots_of_excl,290,0.04413405934050534,0.04525939358608522,0.1129172788926287,0.6310344827586207,0.3586206896551724,long,0.6310344827586207,0.47427033985631895
silence_day&volume_drop,139,0.07433662357840912,0.005226857506389848,0.2818711468617332,0.539568345323741,0.460431654676259,long,0.539568345323741,0.47288625891745284
has_attack&has_uppercase_phrase,217,0.0485844025563033,0.05052264168466869,0.11758419861375478,0.6589861751152074,0.33640552995391704,long,0.6589861751152074,0.47163175350399383
has_deal&has_night_post,325,0.04005818014863841,0.041475007811012876,0.10378546588466732,0.6523076923076923,0.3384615384615385,long,0.6523076923076923,0.47106994424415644
posts_high&has_deal,222,0.04718225957882005,0.053035922603738905,0.1157202710849208,0.6666666666666666,0.32432432432432434,long,0.6666666666666666,0.46866655638207366
has_china&pre_action,45,0.08728183627309795,0.08563869279500391,0.12404315111217809,0.8,0.2,long,0.8,0.46840348585836944
posts_high&deal_over_tariff,194,0.050942202698995104,0.0561404508059582,0.11794502992485606,0.6597938144329897,0.32989690721649484,long,0.6597938144329897,0.4681519365849868
has_china&has_all_caps,90,0.06913731717832851,0.08442519745909316,0.1315267653125788,0.7111111111111111,0.28888888888888886,long,0.7111111111111111,0.4664136396736081
posts_very_high&pre_action,43,0.0872427359177388,0.08193994022471807,0.11243018756307592,0.813953488372093,0.16279069767441862,long,0.813953488372093,0.4656537374776051
deal_over_tariff&volume_spike,69,0.0742091191102515,0.06976737933558486,0.11111551830617836,0.7536231884057971,0.2463768115942029,long,0.7536231884057971,0.46455386176321645
posts_low&volume_drop,209,0.05941198567844819,0.011904847023063159,0.23614689471435962,0.5406698564593302,0.45454545454545453,long,0.5406698564593302,0.4643862669748897
has_exclamation&volume_spike,142,0.05583747483902007,0.04537215590564625,0.12054911152838683,0.6971830985915493,0.29577464788732394,long,0.6971830985915493,0.46389190299473393
has_deal&has_attack,265,0.04401465612478292,0.0445968916298114,0.10949489616299661,0.6452830188679245,0.3433962264150943,long,0.6452830188679245,0.46234960038451295
has_relief&has_attack,76,0.0704447673905924,0.06446491091670659,0.12421414965948013,0.75,0.25,long,0.75,0.4605924332352326
has_attack&volume_spike,111,0.06130650547446831,0.052305237307284536,0.11265638941915648,0.7117117117117117,0.27927927927927926,long,0.7117117117117117,0.45969752291561394
has_deal,353,0.037824004836960454,0.0365854818369884,0.10548790409200651,0.6373937677053825,0.35410764872521244,long,0.6373937677053825,0.4529629451729473
deal_over_tariff,311,0.0403183111882701,0.04074070628330739,0.10731942883427081,0.6366559485530546,0.3536977491961415,long,0.6366559485530546,0.4526758526470116
has_deal&deal_over_tariff,311,0.0403183111882701,0.04074070628330739,0.10731942883427081,0.6366559485530546,0.3536977491961415,long,0.6366559485530546,0.4526758526470116
posts_very_high&has_deal,134,0.05627313684982616,0.05485604297047508,0.12347308120240374,0.6940298507462687,0.29850746268656714,long,0.6940298507462687,0.45209705103674885
has_deal&volume_spike,84,0.06561074280484203,0.06379539432006254,0.1069584171301024,0.75,0.25,long,0.75,0.45099929295820174
has_uppercase_phrase&short_posts,162,0.053546021027415194,0.049321554162824355,0.12411568094716198,0.6604938271604939,0.3333333333333333,long,0.6604938271604939,0.45014608215806384
has_deal&has_exclamation,352,0.03765479148282728,0.034579360590670905,0.1055900774280296,0.6363636363636364,0.35511363636363635,long,0.6363636363636364,0.4495695970281552
has_exclamation&deal_over_tariff,310,0.04013421830341988,0.040276666023102314,0.10744374890753136,0.635483870967742,0.3548387096774194,long,0.635483870967742,0.44905567360054477
has_relief&short_posts,48,0.08129930650659116,0.06752216851293613,0.12575212424126814,0.7916666666666666,0.20833333333333334,long,0.7916666666666666,0.44591267671684776
has_deal&lots_of_excl,325,0.03864937780040791,0.04074070628330739,0.1059897675242425,0.6369230769230769,0.35384615384615387,long,0.6369230769230769,0.44378352121229414
has_night_post&volume_drop,127,0.0573915258452714,0.04952841469196234,0.11361742453400935,0.6850393700787402,0.2992125984251969,long,0.6850393700787402,0.4430626731838849
pre_action&exclamation_heavy,79,0.06559312197943115,0.06932152924328672,0.11419566198809192,0.759493670886076,0.21518987341772153,long,0.759493670886076,0.44278816753813705
deal_only&volume_spike,55,0.0781791740264343,0.07834154576476604,0.11112622729112549,0.7636363636363637,0.23636363636363636,long,0.7636363636363637,0.44275046235933974
attack_heavy&pre_action,44,0.08373047395470846,0.0819282057436792,0.11411057634399677,0.7954545454545454,0.18181818181818182,long,0.7954545454545454,0.4417995362238074
deal_heavy&volume_spike,49,0.0790932567191753,0.06763291347590994,0.1137745464086679,0.7959183673469388,0.20408163265306123,long,0.7959183673469388,0.4406624302925481
has_deal&has_positive,341,0.03763832734481496,0.03724205488834942,0.10678535578392985,0.6334310850439883,0.35777126099706746,long,0.6334310850439883,0.4402576151406999
has_deal&exclamation_heavy,341,0.03725386404478841,0.0365854818369884,0.10450980818728542,0.6392961876832844,0.3519061583577713,long,0.6392961876832844,0.4397953461570606
has_positive&deal_over_tariff,299,0.04020665784845105,0.041475007811012876,0.10884953989650457,0.6321070234113713,0.35785953177257523,long,0.6321070234113713,0.43946489030629887
has_all_caps&has_uppercase_phrase,133,0.0563018310358723,0.06529204964247914,0.12585386615912791,0.6766917293233082,0.3233082706766917,long,0.6766917293233082,0.43937891094300646
has_night_post&deal_only,245,0.042446373725951066,0.04528983155055166,0.10605116795424328,0.6612244897959184,0.32653061224489793,long,0.6612244897959184,0.439311493772377
lots_of_excl&deal_over_tariff,284,0.041075131892177395,0.044912923625715084,0.10809850674565522,0.6338028169014085,0.35563380281690143,long,0.6338028169014085,0.4387249182377657
attack_heavy&has_china,141,0.05529713097822185,0.05052264168466869,0.11955602621003607,0.6666666666666666,0.3333333333333333,long,0.6666666666666666,0.43774469977809854
has_deal&positive_heavy,280,0.04058394238725602,0.04440731988884794,0.1082327945317837,0.6428571428571429,0.35,long,0.6428571428571429,0.4365638011874445
positive_heavy&deal_over_tariff,245,0.04319414488936634,0.04545448026074084,0.11137062064439203,0.6448979591836734,0.3469387755102041,long,0.6448979591836734,0.4360124852574436
has_night_post&volume_spike,144,0.05326960407475944,0.0428700911874752,0.12004338998154705,0.6805555555555556,0.3125,long,0.6805555555555556,0.43503509994386874
has_attack&deal_only,199,0.0479380303812919,0.047407378132812594,0.11355115473415682,0.6432160804020101,0.3417085427135678,long,0.6432160804020101,0.4349743199029301
pre_action&has_night_post,83,0.06382040674959764,0.06871605275998371,0.1136856213957637,0.7469879518072289,0.2289156626506024,long,0.7469879518072289,0.4343223825848587
exclamation_heavy&deal_over_tariff,300,0.03935952437172884,0.040276666023102314,0.10636815304418712,0.6366666666666667,0.35333333333333333,long,0.6366666666666667,0.4340328310317918
has_relief&positive_heavy,85,0.06558848110991793,0.06335614191491756,0.12953217132813463,0.7176470588235294,0.2823529411764706,long,0.7176470588235294,0.4339582466615457
attack_heavy&volume_spike,88,0.06440555300987977,0.05283066651408619,0.115883499758539,0.7159090909090909,0.2727272727272727,long,0.7159090909090909,0.4325362662280467
has_all_caps&volume_spike,48,0.0784133875748231,0.09866100086633622,0.1208500221337409,0.7916666666666666,0.20833333333333334,long,0.7916666666666666,0.4300839090317485
has_relief&has_night_post,91,0.06275169338208009,0.05931203046517908,0.12639920826304532,0.7142857142857143,0.2857142857142857,long,0.7142857142857143,0.4275807162318751
has_deal&has_action,102,0.05996453993098324,0.053655689909814175,0.1176552824266934,0.7058823529411765,0.27450980392156865,long,0.7058823529411765,0.4274909415244061
has_attack&pre_action,61,0.07256647252551779,0.07184737394924223,0.11569802785965841,0.7540983606557377,0.21311475409836064,long,0.7540983606557377,0.42739449757556164
posts_very_high&deal_over_tariff,117,0.05843949141859663,0.06319696307663003,0.12669442882910964,0.6752136752136753,0.3162393162393162,long,0.6752136752136753,0.4268158985364423
volume_spike,166,0.04927476725877283,0.040276666023102314,0.11928239557623917,0.6686746987951807,0.3192771084337349,long,0.6686746987951807,0.4245154652826864
has_action&pre_action,84,0.0625809612068472,0.06831577128745825,0.11356825050886973,0.7380952380952381,0.23809523809523808,long,0.7380952380952381,0.42334484502845904
pre_action,84,0.0625809612068472,0.06831577128745825,0.11356825050886973,0.7380952380952381,0.23809523809523808,long,0.7380952380952381,0.42334484502845904
has_deal&has_china,158,0.05066098310851318,0.04915668207056256,0.11413750993484972,0.6645569620253164,0.33544303797468356,long,0.6645569620253164,0.4231889984225534
posts_very_high&has_relief,48,0.08134144891691304,0.08610013522051496,0.1344956280623172,0.75,0.25,long,0.75,0.4226625668560854
pre_action&has_exclamation,82,0.0625138244910361,0.06831577128745825,0.11375648510089537,0.7439024390243902,0.23170731707317074,long,0.7439024390243902,0.42111331939853425
pre_action&lots_of_excl,75,0.06357668384174034,0.06932152924328672,0.11284840855216406,0.76,0.21333333333333335,long,0.76,0.41844857704442273
has_all_caps&short_posts,127,0.05674066361398244,0.053492009555352604,0.12707856005537313,0.6535433070866141,0.33858267716535434,long,0.6535433070866141,0.41789833681359595
has_positive&pre_action,81,0.06264734645892509,0.06871605275998371,0.11445878929539778,0.7407407407407407,0.2345679012345679,long,0.7407407407407407,0.4176489763928339
posts_high&deal_only,160,0.050301644085238205,0.05690910583431974,0.12121849155765581,0.65625,0.33125,long,0.65625,0.4175528840712854
has_china&has_uppercase_phrase,128,0.055528316791788414,0.06505207164868554,0.12513534750888833,0.6640625,0.3359375,long,0.6640625,0.417184774358077
has_action&deal_over_tariff,88,0.0629678120780157,0.06555857401975829,0.12408243176426885,0.7045454545454546,0.2727272727272727,long,0.7045454545454546,0.41616826191373063
has_relief&exclamation_heavy,92,0.06044764961631005,0.057686427845748955,0.1276306541784974,0.7065217391304348,0.29347826086956524,long,0.7065217391304348,0.40963670282834813
short_posts&volume_drop,98,0.06139776172115703,0.0499409742406548,0.10313852287291922,0.673469387755102,0.3163265306122449,long,0.673469387755102,0.40933929453408485
posts_very_high&has_russia,117,0.05466207143303156,0.0514706466653021,0.12038908474735659,0.6923076923076923,0.29914529914529914,long,0.6923076923076923,0.4093343336247314
posts_high&deal_heavy,108,0.05663656508754098,0.059189033974754945,0.12021003547442428,0.6944444444444444,0.2962962962962963,long,0.6944444444444444,0.40873920124084434
deal_only,268,0.03906795290342171,0.041107857047160135,0.10869283476486455,0.6380597014925373,0.35074626865671643,long,0.6380597014925373,0.4080838134088679
deal_over_tariff&deal_only,268,0.03906795290342171,0.041107857047160135,0.10869283476486455,0.6380597014925373,0.35074626865671643,long,0.6380597014925373,0.4080838134088679
has_deal&deal_only,268,0.03906795290342171,0.041107857047160135,0.10869283476486455,0.6380597014925373,0.35074626865671643,long,0.6380597014925373,0.4080838134088679
has_action&has_russia,79,0.06343290341429765,0.052305237307284536,0.11795123750752182,0.7215189873417721,0.27848101265822783,long,0.7215189873417721,0.4067952752666015
has_china&deal_over_tariff,126,0.055680731025944834,0.06065811522567266,0.11960678709736147,0.6507936507936508,0.3492063492063492,long,0.6507936507936508,0.40675556953867514
has_deal&pre_deal,172,0.04520608943977421,0.05027493326145849,0.1070263097243991,0.686046511627907,0.3023255813953488,long,0.686046511627907,0.40673797658371197
pre_deal,172,0.04520608943977421,0.05027493326145849,0.1070263097243991,0.686046511627907,0.3023255813953488,long,0.686046511627907,0.40673797658371197
pre_action&short_posts,49,0.06931915548615059,0.06976737933558486,0.11475556316027026,0.8367346938775511,0.14285714285714285,long,0.8367346938775511,0.40601219641888203
has_china&pre_deal,84,0.059992866133158955,0.06332200926525478,0.11303880534025286,0.7380952380952381,0.2619047619047619,long,0.7380952380952381,0.4058370169804362
pre_deal&has_night_post,165,0.046070544862408955,0.048495134815559116,0.10713336264151535,0.6848484848484848,0.30303030303030304,long,0.6848484848484848,0.40528433701534533
pre_deal&exclamation_heavy,168,0.04565476406284598,0.05027493326145849,0.10772929127890268,0.6845238095238095,0.30357142857142855,long,0.6845238095238095,0.4050692746059985
posts_high&pre_action,60,0.06813848420053412,0.07822141154043871,0.12161345648841305,0.7666666666666667,0.21666666666666667,long,0.7666666666666667,0.40464546230154497
pre_action&volume_spike,33,0.08608507709001807,0.07184737394924223,0.10137932983132841,0.8181818181818182,0.18181818181818182,long,0.8181818181818182,0.4046081876800891
has_exclamation&deal_only,267,0.03884952911095572,0.04074070628330739,0.1088380094150618,0.6367041198501873,0.352059925093633,long,0.6367041198501873,0.40418393697654514
has_relief&lots_of_excl,89,0.06049614040242779,0.05931203046517908,0.12754558203210575,0.7078651685393258,0.29213483146067415,long,0.7078651685393258,0.40399241762338545
pre_deal&lots_of_excl,160,0.04679040128581717,0.05027493326145849,0.10894854288948226,0.68125,0.30625,long,0.68125,0.40320255589783566
has_positive&pre_deal,166,0.045557878212924445,0.05270541371412285,0.10851960615636906,0.6867469879518072,0.30120481927710846,long,0.6867469879518072,0.40310139082530094
attack_heavy&has_all_caps,101,0.060367002041506405,0.07452571806757735,0.12492663206606118,0.6633663366336634,0.32673267326732675,long,0.6633663366336634,0.40245166102163416
pre_deal&has_exclamation,171,0.04490093729911886,0.048495134815559116,0.10726556146082866,0.6842105263157895,0.30409356725146197,long,0.6842105263157895,0.4017382777961839
has_iran&volume_spike,38,0.08529544585399906,0.060813383275285626,0.15227998623420458,0.7631578947368421,0.21052631578947367,long,0.7631578947368421,0.4012657048301143
posts_high&open_deal,59,0.07152868569000435,0.06932152924328672,0.11766382043552057,0.7288135593220338,0.2542372881355932,long,0.7288135593220338,0.40042639283646614
has_relief&attack_heavy,47,0.07842748403819487,0.07810127731611138,0.13652543110987156,0.7446808510638298,0.2553191489361702,long,0.7446808510638298,0.4003938502351394
has_relief,93,0.058924016424417025,0.05606082522631883,0.12778270147104245,0.6989247311827957,0.3010752688172043,long,0.6989247311827957,0.39715883149554726
has_relief&has_positive,93,0.058924016424417025,0.05606082522631883,0.12778270147104245,0.6989247311827957,0.3010752688172043,long,0.6989247311827957,0.39715883149554726
has_relief&has_exclamation,93,0.058924016424417025,0.05606082522631883,0.12778270147104245,0.6989247311827957,0.3010752688172043,long,0.6989247311827957,0.39715883149554726
posts_high&has_relief,66,0.06858296645705342,0.0632765524957738,0.12929448092227472,0.7121212121212122,0.2878787878787879,long,0.7121212121212122,0.3967730410582607
positive_heavy&deal_only,204,0.04257212005031119,0.047951256474185855,0.11354722535356575,0.6519607843137255,0.3382352941176471,long,0.6519607843137255,0.3964257307446468
has_relief&has_action,29,0.09266923478112632,0.09409899312491854,0.13273956782070734,0.7931034482758621,0.20689655172413793,long,0.7931034482758621,0.395789632499667
has_positive&deal_only,256,0.03887893474707765,0.041533222239171996,0.11051791415226987,0.6328125,0.35546875,long,0.6328125,0.39364921431416117
posts_high&has_russia,171,0.04592634738473924,0.04546718008159445,0.11329436446309611,0.6549707602339181,0.3333333333333333,long,0.6549707602339181,0.3933524630658675
uppercase_phrase_heavy&volume_spike,21,0.09938227819341011,0.0955519593749734,0.13627690676090273,0.8571428571428571,0.14285714285714285,long,0.8571428571428571,0.39036583933582364
lots_of_excl&deal_only,243,0.03948692623298061,0.04528983155055166,0.10984522055807655,0.6337448559670782,0.35390946502057613,long,0.6337448559670782,0.39009547483029633
deal_heavy&has_attack,117,0.05330290615450936,0.047407378132812594,0.11413473786085461,0.6752136752136753,0.3076923076923077,long,0.6752136752136753,0.3893005779598707
positive_heavy&pre_deal,145,0.04730632895449007,0.05335609572088784,0.11160195612519148,0.6827586206896552,0.30344827586206896,long,0.6827586206896552,0.38892910202630565
deal_heavy&has_night_post,141,0.04857186823639356,0.048495134815559116,0.11108966307189003,0.6737588652482269,0.3120567375886525,long,0.6737588652482269,0.38859647537815234
positive_heavy&pre_action,68,0.06275432257704507,0.06954445428943579,0.11746525871654825,0.75,0.22058823529411764,long,0.75,0.3881140506738598
exclamation_heavy&deal_only,257,0.03789522922211544,0.04074070628330739,0.10763958313979628,0.6381322957198443,0.35019455252918286,long,0.6381322957198443,0.3876696701826573
deal_heavy&lots_of_excl,140,0.04866964847695837,0.04925210184047479,0.11183363581749374,0.6714285714285714,0.3142857142857143,long,0.6714285714285714,0.3866535885725607
has_china&volume_spike,72,0.06292946818033747,0.06505207164868554,0.12073488539339193,0.7222222222222222,0.2777777777777778,long,0.7222222222222222,0.385648065285424
has_russia&has_night_post,269,0.03810269651215333,0.028235483559704067,0.10565435617122838,0.6171003717472119,0.37174721189591076,long,0.6171003717472119,0.3856449597421089
deal_heavy&pre_action,27,0.09542041971131525,0.07834154576476604,0.10362289443637221,0.7777777777777778,0.14814814814814814,long,0.7777777777777778,0.38563703504560454
posts_very_high&deal_heavy,75,0.06291444054675469,0.06319696307663003,0.13226188354617532,0.7066666666666667,0.28,long,0.7066666666666667,0.3850308933671854
has_relief&volume_spike,26,0.0981092131857961,0.11818279029152035,0.13250273936951096,0.7692307692307693,0.23076923076923078,long,0.7692307692307693,0.38481599422892987
deal_heavy&positive_heavy,130,0.05100628200338864,0.04925210184047479,0.112586618754959,0.6615384615384615,0.3230769230769231,long,0.6615384615384615,0.38472503052852713
deal_heavy&exclamation_heavy,146,0.047301996352366725,0.047951256474185855,0.11064638812694032,0.6712328767123288,0.3150684931506849,long,0.6712328767123288,0.383644625093891
has_attack&china_streak_3d,56,0.08423018660583192,0.08290919989475798,0.1248552685276997,0.6071428571428571,0.375,long,0.6071428571428571,0.38269489273942814
posts_very_high&deal_only,95,0.05802230998416015,0.06540683030564054,0.1294843607447194,0.6736842105263158,0.3157894736842105,long,0.6736842105263158,0.38098965748302466
has_deal&deal_heavy,148,0.046766405770547984,0.04643727910720352,0.10999420407328436,0.668918918918919,0.31756756756756754,long,0.668918918918919,0.38057331255518057
deal_heavy&has_exclamation,148,0.046766405770547984,0.04643727910720352,0.10999420407328436,0.668918918918919,0.31756756756756754,long,0.668918918918919,0.38057331255518057
deal_heavy,148,0.046766405770547984,0.04643727910720352,0.10999420407328436,0.668918918918919,0.31756756756756754,long,0.668918918918919,0.38057331255518057
has_attack&pre_deal,129,0.0490983243660251,0.05205473170735786,0.11133798568805807,0.6821705426356589,0.3023255813953488,long,0.6821705426356589,0.3804122448467991
has_uppercase_phrase&volume_spike,77,0.06179746201656581,0.052305237307284536,0.1352220542187603,0.7012987012987013,0.2857142857142857,long,0.7012987012987013,0.3802936173381227
has_russia&short_posts,143,0.04939029785289721,0.04514362439208486,0.11503312388823393,0.6433566433566433,0.3356643356643357,long,0.6433566433566433,0.37998062595247206
has_deal&short_posts,171,0.043184599794473005,0.047407378132812594,0.11238821960850894,0.672514619883041,0.3157894736842105,long,0.672514619883041,0.3797770217272955
deal_heavy&deal_over_tariff,135,0.050006400547775234,0.048495134815559116,0.11122645721011401,0.6518518518518519,0.3333333333333333,long,0.6518518518518519,0.37874018164949697
has_russia&has_uppercase_phrase,111,0.053403710003197935,0.05335609572088784,0.119250624769823,0.6666666666666666,0.32432432432432434,long,0.6666666666666666,0.37509533180763444
posts_high&pre_deal,114,0.051970124026294,0.06078111171609679,0.12036560467895473,0.6754385964912281,0.3157894736842105,long,0.6754385964912281,0.3747935020765925
pre_deal&deal_over_tariff,149,0.04567072046244595,0.053819370264275745,0.109889621139241,0.6711409395973155,0.31543624161073824,long,0.6711409395973155,0.3741491203593783
short_posts&volume_spike,101,0.052216068750330816,0.04545448026074084,0.11266054321829079,0.7128712871287128,0.27722772277227725,long,0.7128712871287128,0.3740898983986137
has_action&deal_only,72,0.06337904116716454,0.06666116006028666,0.12764902278219056,0.6944444444444444,0.2777777777777778,long,0.6944444444444444,0.3734645816200283
has_action&uppercase_phrase_heavy,27,0.08429471160049616,0.09382418489304056,0.08815205979317096,0.8518518518518519,0.14814814814814814,long,0.8518518518518519,0.3731180706591972
positive_heavy&uppercase_phrase_heavy,38,0.08512196350274877,0.08269737479175687,0.13558633289313674,0.7105263157894737,0.2894736842105263,long,0.7105263157894737,0.3728323589991338
pre_deal&volume_spike,46,0.07211768611705975,0.06954445428943579,0.1175030780181101,0.7608695652173914,0.2391304347826087,long,0.7608695652173914,0.3721610450062455
deal_heavy&has_positive,144,0.04686361433119994,0.047951256474185855,0.11131264548227872,0.6597222222222222,0.3263888888888889,long,0.6597222222222222,0.37100361345533284
has_night_post&china_streak_3d,69,0.0726022988087189,0.06314227894231705,0.12596571803818057,0.6086956521739131,0.37681159420289856,long,0.6086956521739131,0.36709216647917303
has_exclamation&volume_drop,157,0.045862285595624275,0.04055624166067506,0.10838148878372687,0.6369426751592356,0.3503184713375796,long,0.6369426751592356,0.3660208862557608
has_china&deal_only,94,0.056288679022186545,0.06345983226316432,0.12280899621843393,0.6702127659574468,0.32978723404255317,long,0.6702127659574468,0.36576123864414656
has_russia&pre_action,32,0.08223856813405994,0.08012900851370319,0.12477336964267176,0.78125,0.21875,long,0.78125,0.36344655751666066
pre_action&has_uppercase_phrase,42,0.07096796607931116,0.07497432563267681,0.12164743254022721,0.7857142857142857,0.21428571428571427,long,0.7857142857142857,0.361369631899116
deal_heavy&has_action,54,0.06618660144667449,0.06861850952910975,0.12517298698212995,0.7407407407407407,0.2222222222222222,long,0.7407407407407407,0.36027422522957203
has_positive&has_russia,279,0.03533429892971197,0.026506035798514516,0.1049954965746794,0.6057347670250897,0.3835125448028674,long,0.6057347670250897,0.3575041452895401
has_deal&pre_action,48,0.06994996459937909,0.06954445428943579,0.10418995159553791,0.7291666666666666,0.22916666666666666,long,0.7291666666666666,0.3533742702984927
short_posts&deal_over_tariff,163,0.041604630849244165,0.04696697359977864,0.11322259198791938,0.6625766871165644,0.32515337423312884,long,0.6625766871165644,0.3519424283100678
has_russia,289,0.03455201045088613,0.025918024765205994,0.10433866920549745,0.5986159169550173,0.39100346020761245,long,0.5986159169550173,0.35161751811784114
positive_heavy&all_caps_heavy,22,0.10295168513650375,0.09219037600028601,0.12721097184306596,0.7272727272727273,0.2727272727272727,long,0.7272727272727273,0.35118996833791766
attack_heavy&has_russia,145,0.0474169745420469,0.044217748147884484,0.11218925632586099,0.6137931034482759,0.3724137931034483,long,0.6137931034482759,0.3504611209610603
has_deal&attack_heavy,160,0.04254149654664452,0.04525939358608522,0.11475416821445736,0.64375,0.34375,long,0.64375,0.3464096622109294
has_russia&volume_spike,77,0.05515205077154787,0.04521270521621967,0.10760702405126679,0.7142857142857143,0.2727272727272727,long,0.7142857142857143,0.3456837724371249
has_russia&has_exclamation,288,0.03407837107067516,0.025820774116754763,0.10420859681240346,0.5972222222222222,0.3923611111111111,long,0.5972222222222222,0.3453910109540775
open_deal&volume_spike,23,0.08692406570090568,0.06571031773387603,0.1213446170305569,0.8260869565217391,0.17391304347826086,long,0.8260869565217391,0.3443734919145773
attack_heavy&has_uppercase_phrase,144,0.04428447434829704,0.05141393949597661,0.12244011650304486,0.6458333333333334,0.3472222222222222,long,0.6458333333333334,0.34320467619930206
has_russia&exclamation_heavy,283,0.034045393933367654,0.025723523468303533,0.10447170253010497,0.5971731448763251,0.392226148409894,long,0.5971731448763251,0.3420202739737073
posts_very_high&pre_deal,74,0.05719496929563788,0.06081345334561905,0.13053180618797358,0.6891891891891891,0.2972972972972973,long,0.6891891891891891,0.3390877865608006
posts_very_high&open_deal,44,0.07220813664022865,0.06751592348858138,0.12706848857323536,0.7045454545454546,0.2727272727272727,long,0.7045454545454546,0.3374593717016784
attack_heavy&deal_over_tariff,140,0.04513017516099662,0.045774231992159464,0.11619952881517265,0.6285714285714286,0.35714285714285715,long,0.6285714285714286,0.33564924407484364
uppercase_phrase_heavy&exclamation_heavy,47,0.07188768966682195,0.08191647126264034,0.13326752105396317,0.6808510638297872,0.3191489361702128,long,0.6808510638297872,0.3355487117457365
uppercase_phrase_heavy&lots_of_excl,47,0.07188768966682195,0.08191647126264034,0.13326752105396317,0.6808510638297872,0.3191489361702128,long,0.6808510638297872,0.3355487117457365
uppercase_phrase_heavy,47,0.07188768966682195,0.08191647126264034,0.13326752105396317,0.6808510638297872,0.3191489361702128,long,0.6808510638297872,0.3355487117457365
has_positive&uppercase_phrase_heavy,47,0.07188768966682195,0.08191647126264034,0.13326752105396317,0.6808510638297872,0.3191489361702128,long,0.6808510638297872,0.3355487117457365
uppercase_phrase_heavy&has_exclamation,47,0.07188768966682195,0.08191647126264034,0.13326752105396317,0.6808510638297872,0.3191489361702128,long,0.6808510638297872,0.3355487117457365
has_night_post&uppercase_phrase_heavy,47,0.07188768966682195,0.08191647126264034,0.13326752105396317,0.6808510638297872,0.3191489361702128,long,0.6808510638297872,0.3355487117457365
has_uppercase_phrase&uppercase_phrase_heavy,47,0.07188768966682195,0.08191647126264034,0.13326752105396317,0.6808510638297872,0.3191489361702128,long,0.6808510638297872,0.3355487117457365
deal_heavy&open_deal,48,0.07041711756373618,0.055685637395807674,0.11430598735890897,0.6875,0.2916666666666667,long,0.6875,0.33540656969309
short_posts&deal_only,148,0.04113912665233076,0.04943901239905735,0.11074786455268301,0.668918918918919,0.31756756756756754,long,0.668918918918919,0.3347799226333655
exclamation_heavy&volume_drop,114,0.047439201652537566,0.0396634898670567,0.11549913803505718,0.6578947368421053,0.3333333333333333,long,0.6578947368421053,0.33323162385397154
posts_high&china_streak_3d,44,0.08178382563649368,0.09467933991191746,0.1361216951355556,0.6136363636363636,0.36363636363636365,long,0.6136363636363636,0.3328931416370299
has_action&open_deal,28,0.08304938540511307,0.07110037305782202,0.11711090490780242,0.75,0.21428571428571427,long,0.75,0.3295920304780296
pre_deal&deal_only,119,0.044899085373207956,0.053819370264275745,0.11214706478447839,0.6722689075630253,0.31092436974789917,long,0.6722689075630253,0.32927139263648864
deal_heavy&short_posts,64,0.05830144856606141,0.057686427845748955,0.13038316164504846,0.703125,0.28125,long,0.703125,0.32794564818409544
has_china&has_russia,117,0.047716856982889674,0.03182569497072896,0.11812797947757675,0.6324786324786325,0.36752136752136755,long,0.6324786324786325,0.32644544915714124
deal_heavy&deal_only,92,0.05089218122298556,0.054183031266801684,0.11694471595089599,0.6630434782608695,0.31521739130434784,long,0.6630434782608695,0.32365847710781753
has_attack&has_russia,251,0.034559356020785394,0.02488143749080529,0.10495239502923732,0.5896414342629482,0.398406374501992,long,0.5896414342629482,0.3228423470057648
positive_heavy&has_russia,219,0.03511454419932184,0.030095710776990803,0.10660344181327358,0.6210045662100456,0.3744292237442922,long,0.6210045662100456,0.3227036565568196
pre_action&deal_over_tariff,41,0.07054121377031228,0.06976737933558486,0.10975838808143623,0.7073170731707317,0.24390243902439024,long,0.7073170731707317,0.31948391495824224
has_iran&open_deal,22,0.08315233807522185,0.06534674138388596,0.12235658755144199,0.8181818181818182,0.18181818181818182,long,0.8181818181818182,0.3191064847970616
open_deal&has_night_post,74,0.05592409279129266,0.0480343863318875,0.10990880042738146,0.6621621621621622,0.32432432432432434,long,0.6621621621621622,0.31855114305802285
has_china&open_deal,42,0.07357102121613131,0.07192362365543203,0.12614412929597352,0.6666666666666666,0.3333333333333333,long,0.6666666666666666,0.31786314094587353
has_relief&has_all_caps,24,0.08642056797000079,0.12050417246433975,0.13541245474686592,0.75,0.25,long,0.75,0.31752944221202006
pre_deal&short_posts,70,0.05303977481380352,0.060344627517895266,0.12634643207916665,0.7142857142857143,0.2714285714285714,long,0.7142857142857143,0.3169732814505589
pre_action&has_all_caps,28,0.07281929229933388,0.09059532608498866,0.11756523032711177,0.8214285714285714,0.17857142857142858,long,0.8214285714285714,0.31651571254646005
deal_heavy&has_china,85,0.05139541206029822,0.05906603748433081,0.11675191074574509,0.6588235294117647,0.3411764705882353,long,0.6588235294117647,0.3121784475045313
all_caps_heavy&short_posts,24,0.08988690725558668,0.07318654600840979,0.12069634950853034,0.7083333333333334,0.2916666666666667,long,0.7083333333333334,0.3119174978885051
has_market_brag&volume_spike,37,0.06486505070923451,0.045956024425607866,0.09781965633654569,0.7837837837837838,0.21621621621621623,long,0.7837837837837838,0.3092487107951552
posts_very_high&all_caps_heavy,22,0.09054644949087381,0.07822109466510885,0.14409150894082517,0.7272727272727273,0.2727272727272727,long,0.7272727272727273,0.30887308631858235
posts_very_high&uppercase_phrase_heavy,37,0.06936117253475364,0.08191647126264034,0.11531055933366122,0.7297297297297297,0.2702702702702703,long,0.7297297297297297,0.30787847612169283
positive_heavy&open_deal,69,0.05669884391537683,0.04981014023000774,0.11586889557224833,0.6521739130434783,0.3333333333333333,long,0.6521739130434783,0.30715824121782814
exclamation_heavy&china_streak_3d,70,0.062479449897110594,0.03942546733355057,0.12769433159651583,0.5857142857142857,0.4,long,0.5857142857142857,0.30617662665125583
has_positive&volume_drop,129,0.04225577279277357,0.03829797437044635,0.10995356724107104,0.6356589147286822,0.3488372093023256,long,0.6356589147286822,0.30507389431367443
has_positive&open_deal,79,0.05236296557658245,0.046258632433767266,0.10990785143363614,0.6455696202531646,0.34177215189873417,long,0.6455696202531646,0.3004559890367759
has_attack&open_deal,70,0.05575386083924226,0.0480343863318875,0.11297690332884298,0.6428571428571429,0.34285714285714286,long,0.6428571428571429,0.2998737430015988
has_relief&has_russia,37,0.06734626419080275,0.04776135639788737,0.128062734457998,0.7297297297297297,0.2702702702702703,long,0.7297297297297297,0.2989347560577095
has_positive&china_streak_3d,73,0.06078400809290198,0.036206978022387926,0.12838270932262894,0.5753424657534246,0.410958904109589,long,0.5753424657534246,0.2987976616116295
has_russia&lots_of_excl,265,0.03136333055542205,0.022293018090103534,0.10457715282337292,0.5849056603773585,0.4037735849056604,long,0.5849056603773585,0.2986282825215947
open_deal&lots_of_excl,76,0.05307025776849643,0.0480343863318875,0.11159622034366334,0.6447368421052632,0.34210526315789475,long,0.6447368421052632,0.2982912272501575
china_streak_3d,76,0.06029330524122993,0.03113672874363238,0.12712251763740304,0.5657894736842105,0.42105263157894735,long,0.5657894736842105,0.29739300669206886
has_exclamation&china_streak_3d,76,0.06029330524122993,0.03113672874363238,0.12712251763740304,0.5657894736842105,0.42105263157894735,long,0.5657894736842105,0.29739300669206886
pre_relief&has_night_post,42,0.06630043015260181,0.0632765524957738,0.13770438075773883,0.6904761904761905,0.30952380952380953,long,0.6904761904761905,0.2966809758177503
all_caps_heavy&has_uppercase_phrase,27,0.08102098432770406,0.07452571806757735,0.13409795274638986,0.7037037037037037,0.2962962962962963,long,0.7037037037037037,0.2962574183735198
positive_heavy&pre_relief,42,0.06605033503059968,0.0632765524957738,0.13809479360519258,0.6904761904761905,0.30952380952380953,long,0.6904761904761905,0.29556185087886117
open_deal&exclamation_heavy,79,0.05150168660612992,0.039812625762897236,0.10983352095389926,0.6455696202531646,0.34177215189873417,long,0.6455696202531646,0.29551401483698725
open_deal&deal_over_tariff,77,0.05181463822111297,0.046258632433767266,0.11102289144725443,0.6493506493506493,0.33766233766233766,long,0.6493506493506493,0.2952413020362812
deal_heavy&attack_heavy,79,0.04838327502503585,0.04546718008159445,0.12083602807080122,0.6835443037974683,0.3037974683544304,long,0.6835443037974683,0.29395136162435814
lots_of_excl&china_streak_3d,67,0.06151491115064763,0.036206978022387926,0.1270328006397148,0.582089552238806,0.40298507462686567,long,0.582089552238806,0.2930944580811821
posts_high&all_caps_heavy,26,0.08300921656038127,0.07822109466510885,0.13666325787373815,0.6923076923076923,0.3076923076923077,long,0.6923076923076923,0.29303004118806925
has_deal&open_deal,81,0.05070795411975992,0.039812625762897236,0.10923030516204056,0.6419753086419753,0.345679012345679,long,0.6419753086419753,0.29297929046972393
open_deal,81,0.05070795411975992,0.039812625762897236,0.10923030516204056,0.6419753086419753,0.345679012345679,long,0.6419753086419753,0.29297929046972393
open_deal&has_exclamation,81,0.05070795411975992,0.039812625762897236,0.10923030516204056,0.6419753086419753,0.345679012345679,long,0.6419753086419753,0.29297929046972393
has_uppercase_phrase&volume_drop,32,0.07199729292063416,0.07835425077976133,0.13116981709943762,0.71875,0.28125,long,0.71875,0.29273120079471415
posts_high&uppercase_phrase_heavy,43,0.0638837176073311,0.08191647126264034,0.11165353770159703,0.6976744186046512,0.3023255813953488,long,0.6976744186046512,0.2922652680794951
pre_deal&pre_action,34,0.070387566010355,0.07393432832584812,0.1081433811460548,0.7058823529411765,0.23529411764705882,long,0.7058823529411765,0.28971283157761984
pre_relief&lots_of_excl,42,0.06463309928541301,0.0632765524957738,0.13991518520522403,0.6904761904761905,0.30952380952380953,long,0.6904761904761905,0.2892200084069798
posts_very_high&pre_relief,22,0.0847097341171759,0.07497432563267681,0.15377730719137736,0.7272727272727273,0.2727272727272727,long,0.7272727272727273,0.28896281593720313
attack_heavy&china_streak_3d,32,0.08541503497558241,0.08290919989475798,0.11759366398568652,0.59375,0.375,long,0.59375,0.28688836462097217
open_deal&deal_only,61,0.05428937761087566,0.0514706466653021,0.10754129156834512,0.6721311475409836,0.3114754098360656,long,0.6721311475409836,0.28499274343460884
positive_heavy&china_streak_3d,60,0.06283445128598872,0.045382211642846615,0.13278370332017225,0.5833333333333334,0.4,long,0.5833333333333334,0.28391624729850146
has_deal&pre_relief,24,0.077187710890948,0.061254496770904554,0.14060807661530172,0.75,0.25,long,0.75,0.2836057591444358
has_attack&uppercase_phrase_heavy,41,0.06448220872049319,0.08191647126264034,0.113243719140618,0.6829268292682927,0.3170731707317073,long,0.6829268292682927,0.28197201510143965
pre_relief&deal_over_tariff,23,0.07915997245269665,0.06319696307663003,0.14342836976388182,0.7391304347826086,0.2608695652173913,long,0.7391304347826086,0.2806019196367197
deal_heavy&has_relief,31,0.06791616308379893,0.05606082522631883,0.13046364083123016,0.7419354838709677,0.25806451612903225,long,0.7419354838709677,0.2805563686128043
posts_very_high&has_market_brag,62,0.051286692415961205,0.04297670574976353,0.11931413554248711,0.6935483870967742,0.2903225806451613,long,0.6935483870967742,0.2800769073606116
attack_heavy&deal_only,115,0.04289290011017435,0.046258632433767266,0.1185355069049194,0.6086956521739131,0.3739130434782609,long,0.6086956521739131,0.2799848491447635
has_russia&has_all_caps,71,0.05337460829882556,0.059937024739081135,0.12110321782231667,0.6197183098591549,0.36619718309859156,long,0.6197183098591549,0.2787136270262415
has_attack&volume_drop,70,0.049404995385234345,0.050657079294056606,0.11035567963539866,0.6714285714285714,0.3142857142857143,long,0.6714285714285714,0.27753624046378916
lots_of_excl&volume_drop,86,0.04562742323154221,0.037441728103717375,0.11712288378617644,0.6511627906976745,0.3372093023255814,long,0.6511627906976745,0.27552736854631454
has_positive&all_caps_heavy,28,0.07669880406275917,0.07318654600840979,0.13356393992940357,0.6785714285714286,0.32142857142857145,long,0.6785714285714286,0.2753995190511781
all_caps_heavy,28,0.07669880406275917,0.07318654600840979,0.13356393992940357,0.6785714285714286,0.32142857142857145,long,0.6785714285714286,0.2753995190511781
all_caps_heavy&lots_of_excl,28,0.07669880406275917,0.07318654600840979,0.13356393992940357,0.6785714285714286,0.32142857142857145,long,0.6785714285714286,0.2753995190511781
all_caps_heavy&exclamation_heavy,28,0.07669880406275917,0.07318654600840979,0.13356393992940357,0.6785714285714286,0.32142857142857145,long,0.6785714285714286,0.2753995190511781
has_night_post&all_caps_heavy,28,0.07669880406275917,0.07318654600840979,0.13356393992940357,0.6785714285714286,0.32142857142857145,long,0.6785714285714286,0.2753995190511781
all_caps_heavy&has_exclamation,28,0.07669880406275917,0.07318654600840979,0.13356393992940357,0.6785714285714286,0.32142857142857145,long,0.6785714285714286,0.2753995190511781
has_all_caps&all_caps_heavy,28,0.07669880406275917,0.07318654600840979,0.13356393992940357,0.6785714285714286,0.32142857142857145,long,0.6785714285714286,0.2753995190511781
has_deal&has_relief,47,0.05693829676978111,0.0514706466653021,0.12601691740622786,0.7021276595744681,0.2978723404255319,long,0.7021276595744681,0.2740750377495477
has_market_brag&has_all_caps,53,0.05687227493853313,0.062250192967014506,0.11841019263100004,0.660377358490566,0.33962264150943394,long,0.660377358490566,0.2734202715510631
attack_heavy&pre_deal,89,0.04369970146688476,0.04522895562161877,0.12140956027772198,0.6629213483146067,0.3258426966292135,long,0.6629213483146067,0.2732973863796711
has_relief&has_uppercase_phrase,41,0.06235185886534917,0.06335614191491756,0.13041329277289473,0.6829268292682927,0.3170731707317073,long,0.6829268292682927,0.2726562820729724
has_russia&deal_over_tariff,113,0.041835070594011765,0.028235483559704067,0.10880756514726965,0.6106194690265486,0.3805309734513274,long,0.6106194690265486,0.2715503551728061
pre_relief,43,0.06128831938001193,0.06319696307663003,0.1399686479448358,0.6744186046511628,0.32558139534883723,long,0.6744186046511628,0.2710450514226567
pre_relief&has_exclamation,43,0.06128831938001193,0.06319696307663003,0.1399686479448358,0.6744186046511628,0.32558139534883723,long,0.6744186046511628,0.2710450514226567
has_positive&pre_relief,43,0.06128831938001193,0.06319696307663003,0.1399686479448358,0.6744186046511628,0.32558139534883723,long,0.6744186046511628,0.2710450514226567
pre_relief&exclamation_heavy,43,0.06128831938001193,0.06319696307663003,0.1399686479448358,0.6744186046511628,0.32558139534883723,long,0.6744186046511628,0.2710450514226567
has_relief&pre_relief,43,0.06128831938001193,0.06319696307663003,0.1399686479448358,0.6744186046511628,0.32558139534883723,long,0.6744186046511628,0.2710450514226567
has_deal&has_russia,132,0.03796620536489577,0.026212030281860255,0.1041973820538926,0.6212121212121212,0.3712121212121212,long,0.6212121212121212,0.2709717894536015
has_tariff&has_action,43,0.05675544016831498,0.04753822278792308,0.09619112127696561,0.7209302325581395,0.27906976744186046,long,0.7209302325581395,0.2683088280122372
has_relief&deal_only,35,0.06341474669585682,0.05606082522631883,0.130008809111473,0.7142857142857143,0.2857142857142857,long,0.7142857142857143,0.26797621491267265
has_attack&pre_relief,35,0.06573100903350537,0.06335614191491756,0.13972516006255034,0.6857142857142857,0.3142857142857143,long,0.6857142857142857,0.266653641370875
posts_very_high&china_streak_3d,25,0.09423044619601971,0.10533164067302736,0.14873015154498548,0.56,0.4,long,0.56,0.2638452493488552
deal_heavy&pre_deal,95,0.04147017423688971,0.04522895562161877,0.11386286797393576,0.6526315789473685,0.3263157894736842,long,0.6526315789473685,0.2637945063503396
attack_heavy&open_deal,44,0.058229483629582246,0.0480343863318875,0.11974613739345703,0.6818181818181818,0.29545454545454547,long,0.6818181818181818,0.26335274854836327
has_china&volume_drop,32,0.06465184005150174,0.07266914885858977,0.1309320610436701,0.71875,0.28125,long,0.71875,0.26286558847047825
has_action&has_market_brag,45,0.05156087339210473,0.04546718008159445,0.11474765265362184,0.7555555555555555,0.2222222222222222,long,0.7555555555555555,0.26133220053708106
posts_very_high&has_tariff,57,0.0491687436640738,0.04522895562161877,0.11110856158259111,0.7017543859649122,0.2982456140350877,long,0.7017543859649122,0.2605023677572104
has_china&has_iran,45,0.056160669537550806,0.04528983155055166,0.125689242683773,0.6888888888888889,0.3111111111111111,long,0.6888888888888889,0.2595300878122549
has_relief&deal_over_tariff,44,0.0571089117939307,0.052093198075946034,0.13012488408383366,0.6818181818181818,0.3181818181818182,long,0.6818181818181818,0.2582847717354142
has_uppercase_phrase&deal_over_tariff,118,0.04003219810132033,0.04621072693025974,0.11933562491926933,0.5932203389830508,0.4067796610169492,long,0.5932203389830508,0.25796837829527064
posts_high&pre_relief,32,0.06621715752362621,0.061254496770904554,0.14104361238174992,0.6875,0.3125,long,0.6875,0.2575243061371965
has_russia&uppercase_phrase_heavy,24,0.06899711670059648,0.08269737479175687,0.09558350155700195,0.75,0.25,long,0.75,0.2535115944595875
has_market_brag&has_night_post,153,0.03186210726972832,0.025167655628041352,0.106280466065343,0.6339869281045751,0.35947712418300654,long,0.6339869281045751,0.24986217395296992
has_attack&all_caps_heavy,25,0.07321699057374972,0.07452571806757735,0.1334392842540794,0.68,0.32,long,0.68,0.2489377679507491
pre_action&deal_only,31,0.0656002099468458,0.06932152924328672,0.10993935677028306,0.6774193548387096,0.25806451612903225,long,0.6774193548387096,0.2474250559309847
has_deal&has_uppercase_phrase,135,0.03574906702326988,0.0445968916298114,0.1174208403264315,0.5925925925925926,0.4074074074074074,long,0.5925925925925926,0.2461431843974702
has_tariff&has_china,86,0.04126407822284538,0.038527325296173864,0.10511104244383784,0.6395348837209303,0.36046511627906974,long,0.6395348837209303,0.24472909936491655
has_tariff&short_posts,43,0.05523487238601498,0.04753822278792308,0.12065277291464671,0.6744186046511628,0.32558139534883723,long,0.6744186046511628,0.2442739330697633
has_deal&has_all_caps,94,0.04154731934136665,0.04943901239905735,0.12019019898867447,0.6063829787234043,0.3829787234042553,long,0.6063829787234043,0.2442608909945715
posts_very_high&pre_tariff,25,0.063842081488145,0.06571031773387603,0.0974579246391849,0.76,0.24,long,0.76,0.24259990965495104
has_action&pre_deal,56,0.04753134649801901,0.053587732992581794,0.12067591064545254,0.6785714285714286,0.2857142857142857,long,0.6785714285714286,0.2413624472017762
pre_deal&has_uppercase_phrase,67,0.04684715770594032,0.06439382556349504,0.12896546169847303,0.6268656716417911,0.373134328358209,long,0.6268656716417911,0.24037823151749113
attack_heavy&pre_relief,24,0.06914072285038107,0.06752216851293613,0.15791480117021495,0.7083333333333334,0.2916666666666667,long,0.7083333333333334,0.2399259461933825
has_tariff&pre_deal,53,0.04589540045715882,0.04546718008159445,0.09553731943658929,0.7169811320754716,0.2830188679245283,long,0.7169811320754716,0.23956028739895768
has_all_caps&uppercase_phrase_heavy,39,0.05744524252231289,0.08191647126264034,0.11191867167389258,0.6666666666666666,0.3333333333333333,long,0.6666666666666666,0.23916361637956968
deal_heavy&has_iran,43,0.04890206164924294,0.039812625762897236,0.12318147518845331,0.7441860465116279,0.23255813953488372,long,0.7441860465116279,0.23863982361044617
open_deal&has_uppercase_phrase,36,0.06495353664513825,0.059007777520580285,0.12574731850853657,0.6111111111111112,0.3888888888888889,long,0.6111111111111112,0.2381629676988403
has_relief&has_china,37,0.06026958177848905,0.053635284950179996,0.13552140963770518,0.6486486486486487,0.35135135135135137,long,0.6486486486486487,0.23779819703282434
has_china&pre_relief,20,0.0816353669204163,0.07497432563267681,0.15205805175775527,0.65,0.35,long,0.65,0.23730489874284508
attack_heavy&all_caps_heavy,24,0.07176686758266089,0.07318654600840979,0.13610790284058252,0.6666666666666666,0.3333333333333333,long,0.6666666666666666,0.23438960802054187
posts_very_high&open_tariff,21,0.06709062728515348,0.05335609572088784,0.11318684851565357,0.7619047619047619,0.23809523809523808,long,0.7619047619047619,0.23424600225240796
has_china&uppercase_phrase_heavy,34,0.059007990727502305,0.07822109466510885,0.11431470800858942,0.6764705882352942,0.3235294117647059,long,0.6764705882352942,0.23275509920298532
has_all_caps&deal_over_tariff,84,0.043388298889731496,0.046430929196776716,0.12080800108727888,0.5833333333333334,0.40476190476190477,long,0.5833333333333334,0.23196852459382353
has_russia&pre_deal,65,0.04241890216157295,0.03182569497072896,0.11326380894393857,0.676923076923077,0.3230769230769231,long,0.676923076923077,0.2315023599317573
has_russia&deal_only,94,0.03892505992992466,0.029165597168347435,0.10831606004305633,0.6063829787234043,0.3829787234042553,long,0.6063829787234043,0.2288443627946404
posts_very_high&has_iran,54,0.04467495084748641,0.04301526891692953,0.12682664474503919,0.6851851851851852,0.2962962962962963,long,0.6851851851851852,0.22494115849053575
uppercase_phrase_heavy&short_posts,32,0.05781515165262598,0.07318654600840979,0.09212144176830374,0.6875,0.3125,long,0.6875,0.22484817183895256
has_market_brag&short_posts,84,0.03716186447269566,0.027788211865615753,0.11567743525432243,0.6547619047619048,0.3333333333333333,long,0.6547619047619048,0.22300805071785698
has_tariff&exclamation_heavy,138,0.030639079703848066,0.02820388670707097,0.09948448311727455,0.6159420289855072,0.38405797101449274,long,0.6159420289855072,0.22169459190187715
has_attack&sig_potus,50,0.047451016651878335,0.049839915789190226,0.1192817334539714,0.66,0.34,long,0.66,0.22144937528167713
deal_heavy&has_uppercase_phrase,64,0.043188801368205104,0.054183031266801684,0.12558582572270588,0.640625,0.359375,long,0.640625,0.22134260701205116
has_china&pre_tariff,38,0.05015372591364205,0.038527325296173864,0.09247934934728069,0.7105263157894737,0.2894736842105263,long,0.7105263157894737,0.21967223470327163
positive_heavy&volume_drop,50,0.045644029786149086,0.05072695608281241,0.12091410303238957,0.68,0.32,long,0.68,0.21947138028077415
has_market_brag&has_uppercase_phrase,68,0.03992030893380383,0.041964961557355185,0.12526039963605212,0.6617647058823529,0.3382352941176471,long,0.6617647058823529,0.2178471842753314
posts_high&open_tariff,24,0.059046458412337736,0.05621106660260933,0.11248591687520684,0.75,0.25,long,0.75,0.21695054134304215
open_deal&short_posts,45,0.05169401471575054,0.039812625762897236,0.1317944967278387,0.6222222222222222,0.35555555555555557,long,0.6222222222222222,0.21577048441067967
posts_very_high&sig_potus,29,0.05796151834872463,0.05354554213263474,0.1296506330466962,0.6896551724137931,0.3103448275862069,long,0.6896551724137931,0.21526367502043633
has_all_caps&deal_only,69,0.04464640473232022,0.04545448026074084,0.12222186519357359,0.5797101449275363,0.4057971014492754,long,0.5797101449275363,0.2149918208365157
positive_heavy&has_iran,92,0.034878239953193134,0.03402405466130065,0.13071116776454722,0.6413043478260869,0.33695652173913043,long,0.6413043478260869,0.21454216513187252
has_iran&has_night_post,113,0.03139905588735117,0.022935760051360887,0.1291854578690369,0.6371681415929203,0.34513274336283184,long,0.6371681415929203,0.21267177926957348
has_uppercase_phrase&deal_only,98,0.03615126483581434,0.04537215590564625,0.11823377816801223,0.5918367346938775,0.40816326530612246,long,0.5918367346938775,0.21180609454353655
pre_relief&has_uppercase_phrase,20,0.0673968995635136,0.0676017579320799,0.13864228162422754,0.7,0.3,long,0.7,0.2109856684554392
has_tariff&lots_of_excl,133,0.030035711259258396,0.025723523468303533,0.09981601088713711,0.6090225563909775,0.39097744360902253,long,0.6090225563909775,0.21095854386467164
has_positive&has_iran,115,0.03174544450169786,0.022935760051360887,0.12818470539135562,0.6173913043478261,0.3652173913043478,long,0.6173913043478261,0.21017973542667093
has_market_brag,172,0.026097919544210094,0.020822278660264093,0.10561496985111954,0.6104651162790697,0.38372093023255816,long,0.6104651162790697,0.2089445095052375
has_market_brag&has_exclamation,172,0.026097919544210094,0.020822278660264093,0.10561496985111954,0.6104651162790697,0.38372093023255816,long,0.6104651162790697,0.2089445095052375
has_market_brag&exclamation_heavy,168,0.02601000184433028,0.022629641820640645,0.10548990100945728,0.6130952380952381,0.38095238095238093,long,0.6130952380952381,0.2066916664806681
posts_high&has_market_brag,104,0.03239294962418741,0.025836845713277934,0.11430401203430934,0.625,0.36538461538461536,long,0.625,0.20646535279569955
has_positive&has_market_brag,167,0.02613804277928236,0.020676844905266556,0.1059000633036445,0.6107784431137725,0.38323353293413176,long,0.6107784431137725,0.2063074925069143
has_tariff&has_positive,141,0.028797528722488686,0.025723523468303533,0.09972012348324018,0.6028368794326241,0.3971631205673759,long,0.6028368794326241,0.20614110015270287
has_tariff&has_exclamation,143,0.028543006825014088,0.025723523468303533,0.099314900747002,0.6013986013986014,0.3986013986013986,long,0.6013986013986014,0.20527220803136464
has_tariff,143,0.028543006825014088,0.025723523468303533,0.099314900747002,0.6013986013986014,0.3986013986013986,long,0.6013986013986014,0.20527220803136464
has_china&china_streak_3d,40,0.058889414586688504,0.011983746296124975,0.12481855880648349,0.55,0.45,long,0.55,0.20484714818466687
has_market_brag&lots_of_excl,161,0.02640673159817577,0.02429157122601966,0.10721123498550068,0.6086956521739131,0.38509316770186336,long,0.6086956521739131,0.20395191567939497
has_tariff&deal_heavy,56,0.039988346098686275,0.035819160366813096,0.09815124893913105,0.6785714285714286,0.32142857142857145,long,0.6785714285714286,0.20305936576681616
posts_high&has_chips,23,0.06466052350860861,0.053492009555352604,0.12112663168773183,0.6521739130434783,0.34782608695652173,long,0.6521739130434783,0.20223976758031847
has_uppercase_phrase&china_streak_3d,29,0.06390975076563513,0.04264395664471321,0.11750185083408264,0.5862068965517241,0.41379310344827586,long,0.5862068965517241,0.2017516272810071
has_relief&pre_deal,30,0.0547660593091249,0.03460441806092118,0.1412727612634003,0.6666666666666666,0.3333333333333333,long,0.6666666666666666,0.19997737379515668
deal_heavy&has_russia,61,0.038890763889381876,0.028235483559704067,0.11186361064823147,0.6557377049180327,0.3442622950819672,long,0.6557377049180327,0.1991780826641357
has_tariff&has_deal,85,0.033901909756823834,0.025918024765205994,0.09517240538734437,0.6352941176470588,0.36470588235294116,long,0.6352941176470588,0.1985676337208131
has_tariff&deal_over_tariff,43,0.04811124189383687,0.039812625762897236,0.09916422617168195,0.627906976744186,0.37209302325581395,long,0.627906976744186,0.19809618135487844
has_action&has_iran,36,0.04951190767186863,0.04310394318245092,0.14904076640691594,0.6666666666666666,0.3055555555555556,long,0.6666666666666666,0.1980476306874745
posts_high&sig_potus,40,0.04632465244012764,0.05250809439896842,0.12076370672891795,0.675,0.325,long,0.675,0.19776340826074834
sig_potus&has_exclamation,61,0.03939917860640682,0.04613080219284149,0.12196850333486589,0.639344262295082,0.36065573770491804,long,0.639344262295082,0.1967373681266461
sig_potus,61,0.03939917860640682,0.04613080219284149,0.12196850333486589,0.639344262295082,0.36065573770491804,long,0.639344262295082,0.1967373681266461
sig_potus&exclamation_heavy,59,0.039414994809675544,0.04613080219284149,0.12345183615941435,0.6440677966101694,0.3559322033898305,long,0.6440677966101694,0.19499301952228637
attack_heavy&sig_potus,30,0.0522447023078477,0.05829457964409146,0.11632141149079814,0.6666666666666666,0.3333333333333333,long,0.6666666666666666,0.19077067976100265
has_attack&has_chips,28,0.05592788821207995,0.05289862343131857,0.11904253276588127,0.6428571428571429,0.35714285714285715,long,0.6428571428571429,0.19024879315137994
has_positive&sig_potus,58,0.03913101336507016,0.047643996043276626,0.12456544476646443,0.6379310344827587,0.3620689655172414,long,0.6379310344827587,0.1901116898286792
pre_deal&has_all_caps,45,0.04374168727091005,0.062250192967014506,0.12097554278599361,0.6444444444444445,0.35555555555555557,long,0.6444444444444445,0.18909814663069816
exclamation_heavy&has_chips,31,0.055250542056120705,0.052305237307284536,0.11908428616173734,0.6129032258064516,0.3870967741935484,long,0.6129032258064516,0.18854251556951915
lots_of_excl&has_chips,31,0.055250542056120705,0.052305237307284536,0.11908428616173734,0.6129032258064516,0.3870967741935484,long,0.6129032258064516,0.18854251556951915
has_iran&exclamation_heavy,118,0.02802412717616941,0.02054900967872586,0.1266596741684814,0.6186440677966102,0.3644067796610169,long,0.6186440677966102,0.18832759122009407
has_iran&lots_of_excl,114,0.028155689021431077,0.0222685464371698,0.12759270911587675,0.6228070175438597,0.35964912280701755,long,0.6228070175438597,0.1872285538547296
has_iran&has_exclamation,121,0.027385105254297788,0.020408229119440513,0.12856157084911832,0.6198347107438017,0.36363636363636365,long,0.6198347107438017,0.18671662673384856
has_iran,121,0.027385105254297788,0.020408229119440513,0.12856157084911832,0.6198347107438017,0.36363636363636365,long,0.6198347107438017,0.18671662673384856
has_iran&short_posts,49,0.0404161252532162,0.020689790238011208,0.13482465735969246,0.6530612244897959,0.32653061224489793,long,0.6530612244897959,0.18475942972898834
pre_deal&open_deal,29,0.058057906845701945,0.026506035798514516,0.12707738412527664,0.5862068965517241,0.3793103448275862,long,0.5862068965517241,0.18327840497459472
has_night_post&sig_potus,59,0.03795987618162352,0.0445968916298114,0.12372188762328522,0.6271186440677966,0.3728813559322034,long,0.6271186440677966,0.18285233281894178
attack_heavy&has_market_brag,75,0.03366912556323156,0.025167655628041352,0.11185165189675769,0.6266666666666667,0.36,long,0.6266666666666667,0.18272545984872393
has_tariff&positive_heavy,119,0.02829456258727911,0.02488143749080529,0.09814354647209532,0.5882352941176471,0.4117647058823529,long,0.5882352941176471,0.1815630809848059
has_attack&has_market_brag,131,0.026887772378661596,0.02429157122601966,0.10661474987448313,0.5877862595419847,0.40458015267175573,long,0.5877862595419847,0.18088805967397736
has_tariff&has_night_post,130,0.026783387569110185,0.024586504358412475,0.10037972504837257,0.5923076923076923,0.4076923076923077,long,0.5923076923076923,0.18087750335806138
has_attack&has_iran,90,0.030635919380960514,0.02737075967910929,0.11993724553977608,0.6222222222222222,0.35555555555555557,long,0.6222222222222222,0.18084132911997775
attack_heavy&open_tariff,21,0.05167336394382944,0.05335609572088784,0.10601027549874516,0.7619047619047619,0.23809523809523808,long,0.7619047619047619,0.18041683937950492
positive_heavy&has_market_brag,138,0.025494704984080036,0.0195126328538483,0.1086965265811124,0.5942028985507246,0.39855072463768115,long,0.5942028985507246,0.17796077976321914
has_tariff&attack_heavy,68,0.03250225723968054,0.03447776288096294,0.10985792246864379,0.6617647058823529,0.3382352941176471,long,0.6617647058823529,0.17736649368114596
has_tariff&open_tariff,30,0.048562616963724776,0.049411637901241146,0.10579148401991863,0.6666666666666666,0.3333333333333333,long,0.6666666666666666,0.17732560508343398
open_tariff,30,0.048562616963724776,0.049411637901241146,0.10579148401991863,0.6666666666666666,0.3333333333333333,long,0.6666666666666666,0.17732560508343398
open_tariff&has_exclamation,30,0.048562616963724776,0.049411637901241146,0.10579148401991863,0.6666666666666666,0.3333333333333333,long,0.6666666666666666,0.17732560508343398
open_tariff&exclamation_heavy,30,0.048562616963724776,0.049411637901241146,0.10579148401991863,0.6666666666666666,0.3333333333333333,long,0.6666666666666666,0.17732560508343398
has_russia&open_deal,31,0.051889597281207595,0.03724205488834942,0.10288932741497098,0.6129032258064516,0.3870967741935484,long,0.6129032258064516,0.17707328904304112
pre_tariff&lots_of_excl,60,0.035125619305949186,0.02820388670707097,0.10056814643498414,0.65,0.35,long,0.65,0.1768532201763118
sig_potus&lots_of_excl,55,0.03745409706923615,0.04613080219284149,0.12502628088087542,0.6363636363636364,0.36363636363636365,long,0.6363636363636364,0.17676082964934753
has_tariff&has_attack,112,0.02697506909592171,0.025820774116754763,0.10129908458927474,0.6160714285714286,0.38392857142857145,long,0.6160714285714286,0.1758744066226751
posts_high&has_tariff,91,0.028904809131889222,0.037129830791196916,0.10619982016410213,0.6373626373626373,0.3626373626373626,long,0.6373626373626373,0.17574274410354407
has_attack&open_tariff,28,0.0488404068462332,0.049411637901241146,0.10880077138543438,0.6785714285714286,0.32142857142857145,long,0.6785714285714286,0.17536941703433145
has_exclamation&has_chips,32,0.051600885897383486,0.04685904897545723,0.11895315511631499,0.59375,0.40625,long,0.59375,0.1733148475830475
has_chips,32,0.051600885897383486,0.04685904897545723,0.11895315511631499,0.59375,0.40625,long,0.59375,0.1733148475830475
attack_heavy&uppercase_phrase_heavy,34,0.045644135730779245,0.07058445159626447,0.10667046538963333,0.6470588235294118,0.35294117647058826,long,0.6470588235294118,0.17221390335338804
deal_heavy&has_all_caps,48,0.04089012219764995,0.05482878554991355,0.1275050253146394,0.6041666666666666,0.3958333333333333,long,0.6041666666666666,0.1711574421705717
positive_heavy&has_chips,30,0.05206299089787451,0.04685904897545723,0.11976741363563803,0.6,0.4,long,0.6,0.17109644715571207
has_night_post&has_chips,30,0.05206299089787451,0.04685904897545723,0.11976741363563803,0.6,0.4,long,0.6,0.17109644715571207
has_market_brag&has_china,70,0.033252795959930075,0.02239095276928993,0.11416408227578767,0.6142857142857143,0.38571428571428573,long,0.6142857142857143,0.17090218020817055
open_tariff&has_night_post,29,0.04820043004922112,0.04546718008159445,0.10764511444670886,0.6551724137931034,0.3448275862068966,long,0.6551724137931034,0.17006130800711952
open_tariff&lots_of_excl,29,0.04772069520067967,0.04546718008159445,0.10756171327943999,0.6551724137931034,0.3448275862068966,long,0.6551724137931034,0.16836870203335028
has_positive&open_tariff,29,0.04772069520067967,0.04546718008159445,0.10756171327943999,0.6551724137931034,0.3448275862068966,long,0.6551724137931034,0.16836870203335028
positive_heavy&sig_potus,49,0.03795599070532798,0.0445968916298114,0.12513994901912193,0.6326530612244898,0.3673469387755102,long,0.6326530612244898,0.16809081598073822
has_market_brag&pre_action,22,0.048038758400065794,0.06877884584155913,0.0910774880475237,0.7272727272727273,0.22727272727272727,long,0.7272727272727273,0.16387036325965001
has_iran&deal_over_tariff,69,0.029520963498737555,0.023847302636328394,0.11484354107061187,0.6666666666666666,0.3188405797101449,long,0.6666666666666666,0.16347969323663122
has_russia&sig_potus,35,0.04011773387132215,0.0514706466653021,0.10655928206790144,0.6857142857142857,0.3142857142857143,long,0.6857142857142857,0.16274723266278834
sig_potus&has_all_caps,20,0.051852979114126806,0.08008220543129063,0.13765565231286578,0.7,0.3,long,0.7,0.16232550058909012
positive_heavy&open_tariff,28,0.04731550440483499,0.04263990292224584,0.1095129464291838,0.6428571428571429,0.35714285714285715,long,0.6428571428571429,0.16095221718785307
attack_heavy&has_iran,52,0.033716787909193455,0.040276666023102314,0.1271205984623817,0.6538461538461539,0.3269230769230769,long,0.6538461538461539,0.15897302538916935
pre_tariff&exclamation_heavy,61,0.03169532281701552,0.025918024765205994,0.1010951089754272,0.639344262295082,0.36065573770491804,long,0.639344262295082,0.1582686394363072
short_posts&china_streak_3d,38,0.05114583577453812,0.0014450585817334938,0.13713108951107203,0.5,0.47368421052631576,long,0.5,0.1576420531210572
short_posts&tariff_only,20,0.05395618461443561,0.07272096535871742,0.11956492528844356,0.65,0.35,long,0.65,0.15684460558572821
has_positive&has_chips,31,0.04839842812621822,0.04141286064362992,0.11950896153092745,0.5806451612903226,0.41935483870967744,long,0.5806451612903226,0.15646705742215045
has_positive&pre_tariff,63,0.031035467536023674,0.025918024765205994,0.10093312681943081,0.6349206349206349,0.36507936507936506,long,0.6349206349206349,0.1564040550913089
has_tariff&volume_spike,34,0.03787649939303437,0.028353566230767124,0.10455488618159046,0.7058823529411765,0.29411764705882354,long,0.7058823529411765,0.15589838534535577
has_iran&pre_deal,41,0.036967474016993344,0.026506035798514516,0.13049121658221435,0.6585365853658537,0.3170731707317073,long,0.6585365853658537,0.15588043608833507
has_iran&has_russia,58,0.03065227364180511,0.026114779633409024,0.1173926996509656,0.6551724137931034,0.3275862068965517,long,0.6551724137931034,0.15294394701593
sig_potus&short_posts,29,0.04283142634454321,0.04915718989371176,0.1327296433029433,0.6551724137931034,0.3448275862068966,long,0.6551724137931034,0.15111832779345333
has_deal&tariff_rising,20,0.0446709711127702,0.051031900286374166,0.07161268679704409,0.75,0.25,long,0.75,0.14983099204362538
pre_tariff&volume_spike,20,0.04461953850551453,0.048109760267112,0.08267994698209857,0.75,0.25,long,0.75,0.1496584818344998
has_deal&volume_drop,30,0.040833879471675535,0.0333405963069896,0.09382826571336543,0.6666666666666666,0.3333333333333333,long,0.6666666666666666,0.14910424598055882
has_tariff&pre_tariff,64,0.02974147707474326,0.025820774116754763,0.10066256566619117,0.625,0.375,long,0.625,0.1487073853737163
pre_tariff,64,0.02974147707474326,0.025820774116754763,0.10066256566619117,0.625,0.375,long,0.625,0.1487073853737163
pre_tariff&has_exclamation,64,0.02974147707474326,0.025820774116754763,0.10066256566619117,0.625,0.375,long,0.625,0.1487073853737163
has_iran&has_uppercase_phrase,55,0.03236313381466299,0.026506035798514516,0.1551550896430074,0.6,0.38181818181818183,long,0.6,0.1440068544203869
has_tariff&has_russia,61,0.02800090761811772,0.022293018090103534,0.08898344103875329,0.639344262295082,0.36065573770491804,long,0.639344262295082,0.139820805021809
pre_tariff&has_night_post,60,0.029162227854274133,0.025302480479554412,0.09929038629611282,0.6166666666666667,0.38333333333333336,long,0.6166666666666667,0.13929861480875538
attack_heavy&pre_tariff,33,0.03475971799603656,0.03182569497072896,0.10371254444856509,0.696969696969697,0.30303030303030304,long,0.696969696969697,0.13917047529991602
pre_tariff&pre_deal,30,0.03602668343181913,0.03460441806092118,0.09270072954813127,0.7,0.3,long,0.7,0.13812839031393478
open_deal&has_all_caps,27,0.04737854942928354,0.026506035798514516,0.1406521299675762,0.5555555555555556,0.4444444444444444,long,0.5555555555555556,0.1367700913340542
posts_high&has_iran,76,0.025355347581936694,0.02737075967910929,0.12686437400213893,0.618421052631579,0.3684210526315789,long,0.618421052631579,0.13669751831674976
lots_of_excl&tariff_rising,25,0.03750055179574115,0.04546718008159445,0.07892764138403996,0.72,0.28,long,0.72,0.1350019864646681
posts_high&pre_tariff,41,0.03167066945782695,0.025723523468303533,0.0996839327333722,0.6585365853658537,0.34146341463414637,long,0.6585365853658537,0.1335454449505042
has_market_brag&pre_deal,40,0.03232155272480379,0.04534806785160661,0.12401124664321655,0.65,0.325,long,0.65,0.13287264136068186
has_deal&pre_tariff,41,0.0327102227680413,0.025918024765205994,0.08663693717412102,0.6341463414634146,0.36585365853658536,long,0.6341463414634146,0.1328204420893829
deal_heavy&pre_tariff,23,0.03941482761487333,0.03182569497072896,0.0859314558828469,0.6956521739130435,0.30434782608695654,long,0.6956521739130435,0.13149695496441474
has_deal&has_iran,77,0.023337471611124285,0.020408229119440513,0.11335277180792233,0.6363636363636364,0.35064935064935066,long,0.6363636363636364,0.1303180341777938
has_russia&pre_tariff,28,0.032651792413890636,0.025820774116754763,0.0724386627277607,0.75,0.25,long,0.75,0.12958278388149003
has_china&sig_potus,27,0.039454015542950284,0.05052264168466869,0.12341477805377747,0.6296296296296297,0.37037037037037035,long,0.6296296296296297,0.12907979013455947
has_attack&pre_tariff,50,0.027590174106722397,0.025820774116754763,0.10220827287369523,0.66,0.34,long,0.66,0.12876071475287398
has_tariff&has_all_caps,40,0.03210544653817552,0.055178662057100425,0.11475232461219068,0.625,0.375,long,0.625,0.12690792044675336
has_attack&tariff_rising,20,0.037057508989801605,0.042118959077516394,0.07574894622002386,0.75,0.25,long,0.75,0.12429466376700893
deal_only&volume_drop,27,0.03778405295734926,0.0365854818369884,0.09564197456572689,0.6296296296296297,0.37037037037037035,long,0.6296296296296297,0.1236162544940038
deal_over_tariff&volume_drop,27,0.03778405295734926,0.0365854818369884,0.09564197456572689,0.6296296296296297,0.37037037037037035,long,0.6296296296296297,0.1236162544940038
posts_low&has_positive,95,0.025580744653784637,0.0,0.09811238355854689,0.49473684210526314,0.47368421052631576,long,0.49473684210526314,0.12335286415150505
deal_heavy&uppercase_phrase_heavy,20,0.04243033226476303,0.06751592348858138,0.11586924234249224,0.65,0.35,long,0.65,0.12334023942748656
uppercase_phrase_heavy&deal_over_tariff,24,0.04231558423074455,0.056558847933344314,0.10150875091570237,0.5833333333333334,0.4166666666666667,long,0.5833333333333334,0.12092685445526744
positive_heavy&pre_tariff,54,0.026716539628058204,0.025302480479554412,0.09858890023205474,0.6111111111111112,0.3888888888888889,long,0.6111111111111112,0.11997679793291295
deal_heavy&has_market_brag,37,0.029809685023793286,0.02488143749080529,0.11710636116370424,0.6486486486486487,0.32432432432432434,long,0.6486486486486487,0.117616368715279
has_deal&uppercase_phrase_heavy,27,0.03741428355779794,0.06571031773387603,0.11119676991337342,0.5925925925925926,0.4074074074074074,long,0.5925925925925926,0.11520611564603535
has_russia&china_streak_3d,27,0.045977423749168356,-0.006675490106270887,0.12185127844310004,0.48148148148148145,0.5185185185185185,long,0.48148148148148145,0.11502867123898732
has_tariff&tariff_rising,26,0.03170840220173231,0.042118959077516394,0.08278081656624019,0.6923076923076923,0.3076923076923077,long,0.6923076923076923,0.11193352724179485
has_positive&tariff_rising,26,0.03170840220173231,0.042118959077516394,0.08278081656624019,0.6923076923076923,0.3076923076923077,long,0.6923076923076923,0.11193352724179485
exclamation_heavy&tariff_rising,26,0.03170840220173231,0.042118959077516394,0.08278081656624019,0.6923076923076923,0.3076923076923077,long,0.6923076923076923,0.11193352724179485
has_exclamation&tariff_rising,26,0.03170840220173231,0.042118959077516394,0.08278081656624019,0.6923076923076923,0.3076923076923077,long,0.6923076923076923,0.11193352724179485
tariff_rising,26,0.03170840220173231,0.042118959077516394,0.08278081656624019,0.6923076923076923,0.3076923076923077,long,0.6923076923076923,0.11193352724179485
pre_tariff&has_uppercase_phrase,25,0.03419667845646455,0.025918024765205994,0.09412804384043517,0.64,0.36,long,0.64,0.10942937106068655
posts_low&has_night_post,97,0.023361249699695354,-0.0028248587570621764,0.1045520622600766,0.4742268041237113,0.5051546391752577,long,0.4742268041237113,0.10911087435844709
deal_over_tariff&china_streak_3d,28,0.04416656144348124,-0.0015625410589935607,0.13327341364351314,0.4642857142857143,0.5,long,0.4642857142857143,0.10850704228399777
has_deal&china_streak_3d,31,0.04216369019084986,-0.0031250821179871213,0.13205253233077208,0.45161290322580644,0.5161290322580645,long,0.45161290322580644,0.10601951235807337
has_deal&has_market_brag,80,0.020469671825532842,0.01234118148536023,0.11311857016377283,0.575,0.4125,long,0.575,0.10527462866170839
has_china&tariff_only,22,0.037973237459325244,0.02207223950365378,0.12021230844903846,0.5909090909090909,0.4090909090909091,long,0.5909090909090909,0.10524697857270797
has_relief&has_market_brag,21,0.03701689924623425,0.05271574948658997,0.11520078456974812,0.6190476190476191,0.38095238095238093,long,0.6190476190476191,0.10501074553568995
positive_heavy&tariff_rising,25,0.03061409679042837,0.03877073807343834,0.08429566318613109,0.68,0.32,long,0.68,0.10408792908745647
has_russia&volume_drop,29,0.03049771611933468,0.025918024765205994,0.1093531429893239,0.6206896551724138,0.3448275862068966,long,0.6206896551724138,0.10193910675133641
has_positive&high_emotion,24,0.03324133242678235,0.024035110521123393,0.08871158838861344,0.625,0.375,long,0.625,0.10178037851981152
has_night_post&tariff_rising,24,0.030619277962990552,0.042118959077516394,0.08610867649587081,0.6666666666666666,0.3333333333333333,long,0.6666666666666666,0.1000021430690298
posts_low&has_exclamation,125,0.018469034875306684,-0.001559994184184288,0.09913435740412857,0.48,0.504,long,0.48,0.09911524190400023
exclamation_heavy&tariff_only,54,0.023401838332256578,0.03039097929164203,0.10677072953236151,0.5740740740740741,0.42592592592592593,long,0.5740740740740741,0.09872219175950628
has_tariff&open_deal,20,0.0397846124718569,0.013353501150071279,0.11639863257231911,0.55,0.45,long,0.55,0.09785720774011378
has_tariff&has_iran,22,0.03204783120298645,0.019080355313136454,0.11989755916701154,0.6363636363636364,0.36363636363636365,long,0.6363636363636364,0.09565668798168556
has_tariff&has_uppercase_phrase,55,0.021887525179485667,0.018420955539004025,0.11205298831765233,0.5636363636363636,0.43636363636363634,long,0.5636363636363636,0.09149071208715391
has_iran&deal_only,60,0.018435297342216606,0.0216719945854007,0.10906079865561874,0.6333333333333333,0.35,long,0.6333333333333333,0.09043949281246325
sig_potus&has_uppercase_phrase,30,0.027464005317047586,0.045363846911326444,0.12342610882275562,0.6,0.4,long,0.6,0.0902559313895327
has_market_brag&deal_over_tariff,70,0.018718897165813982,0.015780992408945704,0.11736439458885366,0.5571428571428572,0.42857142857142855,long,0.5571428571428572,0.08725610956830054
has_positive&tariff_only,56,0.02104980750965855,0.02207223950365378,0.10666380188527196,0.5535714285714286,0.44642857142857145,long,0.5535714285714286,0.08719986430425673
tariff_only,58,0.02068944218356878,0.02207223950365378,0.10544287349628778,0.5517241379310345,0.4482758620689655,long,0.5517241379310345,0.08693301923142034
has_tariff&tariff_only,58,0.02068944218356878,0.02207223950365378,0.10544287349628778,0.5517241379310345,0.4482758620689655,long,0.5517241379310345,0.08693301923142034
has_exclamation&tariff_only,58,0.02068944218356878,0.02207223950365378,0.10544287349628778,0.5517241379310345,0.4482758620689655,long,0.5517241379310345,0.08693301923142034
lots_of_excl&tariff_only,51,0.020176958567903566,0.018420955539004025,0.10844233456060402,0.5490196078431373,0.45098039215686275,long,0.5490196078431373,0.07910950106890231
brag_heavy&has_night_post,37,0.021724091246007493,0.012437187157969376,0.11353325671583407,0.5945945945945946,0.40540540540540543,long,0.5945945945945946,0.07857120922140182
has_deal&open_tariff,20,0.02829930526698903,0.035819160366813096,0.10414113095114648,0.6,0.4,long,0.6,0.07593500435160637
has_attack&tariff_only,46,0.01949982416419229,0.02207223950365378,0.10901768062227679,0.5652173913043478,0.43478260869565216,long,0.5652173913043478,0.07475239770557113
pre_tariff&tariff_only,23,0.024449365186690226,0.025723523468303533,0.12379090303868734,0.6086956521739131,0.391304347826087,long,0.6086956521739131,0.07137263078358216
has_night_post&tariff_only,50,0.017245867970697035,0.011927828465265855,0.10617580900767391,0.54,0.46,long,0.54,0.06585121902344988
has_tariff&has_market_brag,34,0.017513476677446894,0.014080241688607553,0.09093295072661925,0.6176470588235294,0.38235294117647056,long,0.6176470588235294,0.06307426589327786
has_market_brag&volume_drop,21,0.024988200180847252,0.010592335406747866,0.11635898199560411,0.5238095238095238,0.47619047619047616,long,0.5238095238095238,0.05998159556685043
deal_only&china_streak_3d,20,0.032403028227402125,-0.005238972100744199,0.1366834221365488,0.4,0.55,long,0.4,0.057964299034652535
positive_heavy&tariff_only,43,0.01600608301669787,0.025723523468303533,0.10672296957874089,0.5348837209302325,0.46511627906976744,long,0.5348837209302325,0.0561408098634424
posts_low&short_posts,120,0.011826354311883436,-0.01049481665250368,0.09653599852688775,0.43333333333333335,0.5666666666666667,long,0.43333333333333335,0.05613886225711439
has_market_brag&deal_only,55,0.014051499961777075,0.0015549966263481707,0.12556197693219875,0.509090909090909,0.4727272727272727,long,0.509090909090909,0.05305170831314119
posts_high&brag_heavy,29,0.017133169703154615,0.012245175812751086,0.12483029354094086,0.5517241379310345,0.4482758620689655,long,0.5517241379310345,0.050904795873153844
has_market_brag&brag_heavy,41,0.01378097801135715,0.012245175812751086,0.11238785846975811,0.5609756097560976,0.43902439024390244,long,0.5609756097560976,0.04950122510636958
brag_heavy,41,0.01378097801135715,0.012245175812751086,0.11238785846975811,0.5609756097560976,0.43902439024390244,long,0.5609756097560976,0.04950122510636958
brag_heavy&exclamation_heavy,41,0.01378097801135715,0.012245175812751086,0.11238785846975811,0.5609756097560976,0.43902439024390244,long,0.5609756097560976,0.04950122510636958
brag_heavy&has_exclamation,41,0.01378097801135715,0.012245175812751086,0.11238785846975811,0.5609756097560976,0.43902439024390244,long,0.5609756097560976,0.04950122510636958
positive_heavy&brag_heavy,35,0.015188116795051708,0.012245175812751086,0.1170714409086724,0.5428571428571428,0.45714285714285713,long,0.5428571428571428,0.04877794581647605
brag_heavy&lots_of_excl,40,0.013860694076472382,0.01234118148536023,0.11381843476806447,0.55,0.45,long,0.55,0.048214499555702485
has_iran&has_all_caps,26,0.018664037049958535,-0.0012882098317385515,0.1339746927962993,0.5,0.5,long,0.5,0.04758414456007864
has_positive&brag_heavy,40,0.013485869983096518,0.011583797156667575,0.11380351980828694,0.55,0.45,long,0.55,0.04691067191302959
has_russia&tariff_only,23,0.015455299563124254,0.025723523468303533,0.07931617437114141,0.6086956521739131,0.391304347826087,long,0.6086956521739131,0.04511713825473984
posts_low&high_emotion,56,-0.008775644714222569,-0.02579750518232532,0.10439869593565412,0.35714285714285715,0.6428571428571429,short,0.6428571428571429,0.042217014688295876
posts_low&volume_spike,39,0.012916150307677184,0.0028409090909091717,0.11930125657702009,0.5128205128205128,0.46153846153846156,long,0.5128205128205128,0.04136478606074711
has_market_brag&has_russia,56,0.008872933695735176,0.01234118148536023,0.10414435081419454,0.5535714285714286,0.44642857142857145,long,0.5535714285714286,0.0367565648233961
attack_heavy&tariff_only,23,0.014617285108921964,0.025723523468303533,0.11784460354661498,0.5217391304347826,0.4782608695652174,long,0.5217391304347826,0.0365749756751048
posts_low&exclamation_heavy,42,0.011018990252701363,0.0015289493190570047,0.0744453960243792,0.5,0.47619047619047616,long,0.5,0.035705609293020614
high_emotion&short_posts,59,-0.007314963326669635,-0.018779484465672458,0.08815666838896775,0.4067796610169492,0.5932203389830508,short,0.5932203389830508,0.033331448827732445
has_deal&sig_potus,23,0.012654043692581612,0.022293018090103534,0.10323249348024635,0.5217391304347826,0.4782608695652174,long,0.5217391304347826,0.03166260607213533
posts_low&has_attack,28,0.013130471116447115,-0.009890918674255955,0.11416876232440393,0.42857142857142855,0.5714285714285714,long,0.42857142857142855,0.02977710957534488
attack_heavy&brag_heavy,24,0.01197634749549365,0.0009566709043040134,0.11691569650016924,0.5,0.5,long,0.5,0.029335940346218697
high_emotion&has_exclamation,39,0.009082260221283995,-0.0028248587570621764,0.10304841446809251,0.48717948717948717,0.5128205128205128,long,0.48717948717948717,0.027632185670620174
high_emotion&volume_spike,23,-0.009539797477953107,-0.010526292809482696,0.12000297304455651,0.43478260869565216,0.5652173913043478,short,0.5652173913043478,0.025859408657401165
sig_potus&deal_over_tariff,21,0.01128210913659736,-0.006675490106270887,0.10815564277701124,0.47619047619047616,0.5238095238095238,long,0.47619047619047616,0.024619580532004894
has_night_post&high_emotion,41,0.007824973352800205,-0.010526292809482696,0.09882264278319747,0.4634146341463415,0.5365853658536586,long,0.4634146341463415,0.023219054978513225
posts_high&tariff_only,29,0.007039277866964877,0.018420955539004025,0.11606084468857722,0.5172413793103449,0.4827586206896552,long,0.5172413793103449,0.019607416260424185
has_attack&brag_heavy,32,0.00677656791576638,0.0009566709043040134,0.11385332315526765,0.5,0.5,long,0.5,0.019167028505638384
brag_heavy&deal_over_tariff,21,-0.005326798374961813,-0.024232780074375793,0.10782988413063203,0.42857142857142855,0.5714285714285714,short,0.5714285714285714,0.013948832437160153
tariff_heavy,20,-0.006337197563441532,0.020007433722632695,0.09160626081840319,0.6,0.4,short,0.4,0.011336323630961043
tariff_heavy&has_positive,20,-0.006337197563441532,0.020007433722632695,0.09160626081840319,0.6,0.4,short,0.4,0.011336323630961043
has_tariff&tariff_heavy,20,-0.006337197563441532,0.020007433722632695,0.09160626081840319,0.6,0.4,short,0.4,0.011336323630961043
tariff_heavy&has_exclamation,20,-0.006337197563441532,0.020007433722632695,0.09160626081840319,0.6,0.4,short,0.4,0.011336323630961043
tariff_heavy&has_night_post,20,-0.006337197563441532,0.020007433722632695,0.09160626081840319,0.6,0.4,short,0.4,0.011336323630961043
tariff_heavy&exclamation_heavy,20,-0.006337197563441532,0.020007433722632695,0.09160626081840319,0.6,0.4,short,0.4,0.011336323630961043
high_emotion,68,-0.0014865453503314478,-0.016274533697404392,0.09916454360709705,0.4264705882352941,0.5735294117647058,short,0.5735294117647058,0.007030534010906099
high_emotion&has_uppercase_phrase,20,0.003475646840056085,-0.017599869897419407,0.11784149733853284,0.4,0.6,long,0.4,0.006217426080118196
has_market_brag&has_iran,29,-0.0023684911433314707,0.012245175812751086,0.12068282209302542,0.5862068965517241,0.41379310344827586,short,0.41379310344827586,0.005277813165963476
has_deal&brag_heavy,24,0.0019180290426412533,0.0016180495603875245,0.10432629538725392,0.5,0.5,long,0.5,0.004698192466309988
posts_low&has_uppercase_phrase,25,0.001858543852943675,-0.006681498228805927,0.11638770161436046,0.44,0.56,long,0.44,0.004088796476476086
